supplier_id,supplier_name
0,BUYVET
1,RK CONSTRUCTION INC.
2,Gilbane Building Company
3,Legislative Bill Room
4,DiPietro and Associates Inc
5,GRAINGER
6,ARROW RESTAURANT EQUIPMENT
7,Kenny Strickland Inc
8,A-Pot Rentals
9,"CITY OF OAKLAND, Department of Human Services"
10,Hamilton Company
11,amber seidel
12,Fluid Resource Management
13,"EXPRESS Office Products, Inc."
14,"Cannon Pacific Services, Inc."
15,KJM ENTERPRISES
16,ISInc
17,Regents of UCLA
18,DUBOIS EXCAVATING
19,New Horizon Computer Learning Center
20,"AECOM Technical Services, Inc."
21,Herback General Engineering
22,Villa Esperanza
23,"Blue Sky Consulting Group, LLC"
24,GREENWAY AUTOBODY INC
25,"Matts X-Ray Service, Inc"
26,Biggs-Gridley Memorial Hospital
27,"Broding's Battery Warehouse, Inc."
28,Roklin
29,PRBO
30,Clipper Controls Inc
31,Resource Conservation District of the Santa Monica Mountains
32,"Advanced Technologies Group, LLC"
33,"The Bode Technology Group, Inc."
34,Dion International
35,WORK TRAINING CENTER FOR THE HANDICAPPED INC
36,Allen Alarm Systems Inc.
37,The Mobile Laundry Company
38,Knoll Enterprises
39,CONFIDENTIAL - Information Withheld
40,Horizon Safety
41,"B & K FIRESTONE, INC."
42,HILLS FLAT LUMBER COMPANY
43,PARC Specialty Contractors
44,"VALLEY INDUSTRIAL SPECIALTIES, INC."
45,Amador-Tuolumne Community Action Agency
46,bar-hein co.
47,Hennington and Associates
48,"Central Valley Office Supply, Inc."
49,Monique Pastran
50,Hazel Hawkins Memorial Hospital
51,Electrical Solutions Povider
52,"Kinemetrics, Inc."
53,STAY SAFE SUPPLY
54,INNOVATIVE REHABILITATION TECHNOLOGY INC
55,DENTON & SONS CONSTRUCTION
56,"Thermo Niton Analyzers, LLC"
57,Environmental Concepts
58,Constance M Komoroski
59,Uptown Studios
60,"Morphotrust Usa, Llc"
61,"Van Matre Lumber Co., Inc."
62,NOR CAL PERFORMANCE
63,Mary McClendon
64,2b1inc
65,"LANDESK SOFTWARE, INC"
66,California Western Visuals
67,Los Angeles Urban League
68,DTC
69,AREA 1 AGENCY ON AGING
70,UCSD Extension
71,"VALLEY OXYGEN, INC"
72,San Joaquin General Hospital
73,COUNTY OF ORANGE
74,"California Landscape Associates, Inc."
75,"BRENNTAG PACIFIC, INC"
76,"Lightning Fence Company, Inc"
77,The Highlands Consulting Group LLC
78,"Celle Brite USA, Corp."
79,Western Contract Furnishers
80,"John R. Pappas, DDS, MD"
81,THE OFFICE CITY
82,Direct Systems Support
83,Yolo Employment Services
84,"Valley Tire, Inc."
85,MOTOSPORTS OF UKIAH
86,County of Alameda
87,National Association for Search and Rescue
88,Building Industry Consulting Service Int
89,sonoma county probation camp
90,Restaurant Equipment Specialists
91,Y TIRE SALES
92,COLLINS & AIKMAN FLOORCOVERING
93,Alarm Trucking Company LLC
94,SPECIALIZED PRODUCTS CO
95,KACEY RAE ROUNDTREE
96,Franzen-Hill Corporation
97,US FISH & WILDLIFE SERVICE
98,"DiPietro @ Associates, Inc."
99,"National Medical Registry, Inc dba Solvere"
100,Commercial Furniture Inc
101,CENTRAL COAST COMMISSION FOR SENIOR CITIZENS
102,Technology Integration Group
103,MedReach Ambulance Service
104,"TESLA Industries, INC"
105,THE GROVE CONSULTANTS INTL
106,Yale/Chase Materials Handling
107,Water Fixers
108,Albertsons Food & Drug
109,Vincent Communications Inc.
110,BioOregon
111,Allsteel Inc
112,"GEMS Environmental Management Serivces, Inc."
113,"PASCO LOCKSMITH SERVICE, INC."
114,Retrotel
115,BUONA FORTUNA FOODS LLC.
116,Performance Food Group
117,Zee Medical Service Co
118,Manley Trucking Corporation
119,GOLDEN STATE CONSTRUCTION
120,Western Blue/Insight/Hewlett Packard
121,Oxnard Performing Arts & Convention Center (PACC)
122,JasGroup
123,Sorensen Machine Work
124,ADVANCED TECHNICAL SOLUTIONS INC
125,"Global Foods, Inc."
126,"Athenx, Inc."
127,Global Sweeping Solutions
128,Hammond Consulting
129,INTERGRITY ALLIANCE GROUP CORPORATION
130,School Media Associates LLC
131,Gluers Post Press Services
132,APS Healthcare
133,"Rocket Software, Inc."
134,DLT SOLUTIONS LLC
135,"Versar, Inc"
136,"San Joaquin Distributors, Inc."
137,Alert-O-Lite Inc
138,"ACCUGOV, INC."
139,Adolph Inc.
140,Caring Choices
141,Zumar Industries
142,Bridge Micro
143,Pitney Bowes
144,"Impact Assessment, Inc."
145,Abel Fire Equipment
146,Western Blue Corporation
147,"Crystal Data Solutions, Inc."
148,Geo-Logic Associates
149,D2 Distributors LLC
150,Norex Inc
151,GTC Systems Inc.
152,SCHANTIN INSURANCE SERVICES
153,Nihon Kohden
154,Northshore Fire Protection District
155,Shuster Oil Co. Inc
156,Carousel Industries
157,GREG VAN MAANEN WHOLESALE BAKERY DISTRIBUTORS
158,Rotronic Instrument Corporation
159,"West Coast Cabinets, Inc."
160,CITY OF ORANGE
161,"BC Laboratories, Inc"
162,Downtown Ford Sales
163,Narcotics Anonymous World Services
164,"Advantage Total Protection, Inc"
165,L F Distributing Company
166,Frontline Medical
167,"LDA Partners, LLP"
168,COUNTY OF SANTA CLARA
169,Kenwood USA Corporation
170,Samco Communications
171,Paul Baker Printing
172,The Alpha & Omega Group Inc.
173,Silverado Avionics
174,Alldata LLC
175,"RMC ENTERPRISES, INC."
176,"NCI Affiliates, Inc"
177,GG Garcia plumbing inc
178,COUNTY OF MADERA
179,W.W. Grainger
180,Litigation Cost Management
181,"OMNICELL, INC."
182,Holiday Inn-Sac
183,AUTO-INDUSTRIAL PAINT CO INC
184,NORCAL GENERAL CONSTRUCTION CORPORATION
185,"UNITED SITE SERVICES OF CALIFORNIA, INC"
186,"L. M. Norton Enterprises, Inc."
187,URS Corporation
188,Lionakis
189,Copier Products Group
190,Community Action Partnership of Solano
191,Central Valley Opportunity Center
192,Electric Lightwave LLC dba Integra Telecom
193,ADVANCED SOFTWARE DYNAMICS INC
194,BURKS Printing
195,B&J Supply
196,cynthia lopez
197,Performance Foodservice of Northern Ca
198,"Rockwell Medical Supply, Inc"
199,"McClure Industries, Inc. AKA: Sani Trux-Sani Wash"
200,DILTEX INC
201,"Floats & Fuel Cells, Inc."
202,CSU Long Beach
203,City of Hawthorne
204,Gerlinger Steel & Supply
205,G.T. Logging
206,TRACY PONT-CAD-GMC
207,SCATT RECREATION
208,"Estrada Consulting, Inc"
209,Western Blue
210,"Orland Cabinet Shop, Inc."
211,Cadillac Designs
212,"Sundance Corporate Supply, Inc."
213,"Allied Waste Services of North America, LLC dba Republic Services of Sacramento"
214,"PACKWAY MATERIALS, INC."
215,"MORGAN & SLATES MANUFACTURING & SUPPLY, INC."
216,Grant Writing USA
217,Computer 1 Products of America
218,Mead Clark Lumber
219,"Office Supply Company, Inc."
220,"Accident Research & Biomechanics, Inc."
221,"GA Technical Services,Inc."
222,Chemco Products Company
223,"Allied Network Solutions, Inc."
224,ACE HIGH ADVENTURES INC
225,"Everbridge, Inc."
226,"I GOT HIT, DBA CRASH DATA GROUP"
227,Datawatch Corporation
228,"W.H. Breshears, Inc."
229,MY CHOICE HEALTH SERVICES INC
230,ELECTRIC PARTS CENTER
231,HOLT OF CALIFORNIA
232,Marriott Ventura Beach
233,Burkhart Dental Supply
234,Unident/Unimed (USA) Ltd.
235,Hannon Electric
236,Califorensics
237,North Highland
238,A&G Jones Dry Cleaning
239,Sentinel Fire Equipment Company
240,"GetReadyGear, Inc."
241,Magarino Enterprises Inc. dba Sprint Courier Service
242,"Accurate Instrument Repair, Inc."
243,COUNTY OF TULARE
244,Tammy Wagner
245,CompuCom
246,All-Phase Electric-CED
247,USA Mobility
248,Unisys Corporation
249,MSAB Incorporated
250,Salinas Rural Fire District
251,"INVENSYS SYSTEMS, INC."
252,"Safariland, LLC"
253,RSCI
254,KIP AMERICA
255,Bent Manufacturing Company
256,"A-Z Bus Sales, Inc."
257,Shelli Bailey
258,COMMERCIAL PAVING
259,STRANGE & SON FENCING
260,Ferranti Construction Inc
261,California Coastal Rural Develpment Corporaton
262,MILITARY & SHIP SUPPLY HOUSE
263,General Motors Corporation
264,French Fry Xpress
265,BARNES & NOBLE
266,"Aperta, Inc"
267,"Pacful, Inc."
268,EBBETTS PASS LUMBER COMPANY INC
269,Tides Center
270,"Neelam Sachdev, MD PC"
271,Jamie Langford
272,Postal Annex #244
273,Self Help Home Improvement Project
274,"CourtCall, LLC"
275,Dispensing Technology Corporation
276,Griffith Company
277,COMPLETE DEVELOPMENT SERVICES INC
278,Smiths Detection
279,The Coalition to End Family Violence
280,MEREDITH DIGITAL
281,PARKER LANDSCAPE DEVELOPMENT INC
282,R Systems Inc
283,Sonitrol of Sacramento
284,Prometric Inc.
285,DMAC Paving Inc
286,"K.G. Walters Construction Co., Inc."
287,"Kratos Public Safety & Security Solutions, Inc"
288,PAUL JOHNSON LOCKSMITH SERVICE
289,ABSL Construction
290,ICF Jones & Stokes
291,MCMASTER CARR
292,PIA
293,C. W. Manning Trucking
294,Betson Enterprises
295,DLT SOLUTIONS
296,Harris Corporation
297,"System Metrics Group, Inc."
298,Sears Commercial
299,Xpress Tags
300,Ebbetts Pass
301,"TargetSafety.Com, Inc."
302,WAYNE BOLMAN DISTRIBUTING
303,Schell Vista Fire Protection District
304,SUNSTONE PARK LESSEE LLC
305,Sacramento Electronic Supply
306,Kacey Rodenbush
307,Morfynn Medical
308,"Foothill Unity Center, Inc."
309,Sharp Electronics  c/o SoCal Office Technologies
310,"KEITH DAY COMPANY, INC."
311,"CAPITOL CITY UNIFORMS & EQUIPMENT, LLC"
312,Wylatti Resource Management
313,"Elavon, Inc. (formerly known as Nova Information Systems, Inc"
314,Rebecca Barrajas
315,"Sea Pac Engineering, Inc."
316,"Superior Court of California, County of San Mateo"
317,AGFA Corporation
318,"P.S. Supply,Inc."
319,Blatant Media
320,"Bell and Howell, LLC"
321,Integra Realty Resources - Los Angeles
322,Le Nguyen
323,AVO Training Institute
324,LOCAL GOVERNMENT COMMISSION
325,SPENCER TURBINE COMPANY
326,"Automated Power Technologies, Inc."
327,McKesson Medical - Surgical Minnesota Su
328,"Sage Environmental Consulting, L.P."
329,Thomson Reuters (Tax & Accounting)
330,"Public Employees Retirement System, California"
331,Natioanl Career College
332,Robert Fullerton
333,California Technology Agency
334,Steel Fixture MFG
335,A GOOD ROOFER INC
336,Trout Unlimited
337,Blatnik Excavating inc.
338,Floodgate H20
339,"Environmental Compliance Products, Inc."
340,R & S Motor Supply/Napa Auto Parts
341,Nathan Cleaver DVBE Services
342,Edifecs
343,Santa Monica Baykeeper
344,CALIFORNIA VETERAN SUPPLY
345,AMERICAN SOCIETY OF AGRONOMY
346,"John Spengler, Ph.D."
347,Holt of CA
348,GULFCOAST WORKSTATION CORP.
349,O'LEARY'S OFFICE PRODUCTS
350,Sheraton San Diego Hotel and Marina
351,"MEDTRONIC PHYSIO-CONTROL, INC."
352,Bad Company
353,Webfortis
354,"El Dorado Support services, Inc."
355,SAFE TRAC GPS & ELECTRONICS
356,MEDIFIX INC
357,3B INDUSTRIES INC
358,"Solpac, Inc"
359,COUNTY OF PLACER & County Fire
360,Moises Ponce
361,Bohna Ranch
362,Unitek Education
363,Media Leverage Inc.
364,ATHLETIC STUFF
365,TRUST ONE COMPONENTS
366,E AVICO INC
367,Paper Distributors Inc
368,T3 TONER
369,CALIFORNIA GOVCONNECTION INC
370,Neighborhood Legal Services of Los Angeles County
371,"QTC Medical Group, Inc"
372,Sunset Laboratory Inc.
373,"COMSERCO COMMUNICATIONS, INC."
374,Disabled Veteran 1 LLC
375,Flying U Rodeo
376,"Tecan US, Inc"
377,"BUSINESS ADVANTAGE CONSULTING, INC."
378,"Sierra Mountain Construction, Inc."
379,"Franklin Young International, Inc."
380,WURLITZER FARMS
381,Jane I. Davidson
382,BSN Sports
383,Bay Ship & Yacht Co.
384,Imrpessive Dental
385,California State University Sacramento
386,Gas Technology Institute
387,DUNN-EDWARDS CORPORATION
388,Enterasys Networks
389,Olympus NDT Inc
390,Martinez Landscape Co Inc
391,"David J Carlson, MD"
392,"Regents of the University of California, Davis"
393,Nhung Phan
394,INDUSTRIAL CASTER AND WHEEL CO
395,Dun & Bradstreet Inc
396,Department of State Hospitals-Coalinga
397,IRG PLOTTERS & PRINTERS INC
398,Kaplan College
399,All-Points Petroleum
400,Clark Security Products
401,All American Rentals
402,Life Technologies Corp
403,"CEC Print Solutions, Inc."
404,Vocus Inc.
405,Western Nevada Supply
406,Moore Flooring Inc
407,Sharp Coronado Hospital and HealthCare Center
408,Capitol Door Service of Northern California
409,"Bureau Veritas North America, Inc."
410,JMP BUSINESS SYSTEMS INC
411,Edwards Medical
412,"All Business Machines, Inc."
413,Pine Tree Lumber Co.
414,"American Chiller Service, Inc."
415,Integrated Industrial Supply Inc
416,San Diego Restaurant Supply
417,California Workforce Investment Board
418,"International Restaurant Equipment Co., Inc."
419,"Rotorcraft Support, Inc."
420,TABORDA SOLUTIONS
421,SUPERIOR AUTOMOTIVE SERVICE
422,County of Del Norte
423,"Canon U.S.A.,Inc."
424,Kulikov Water (Kul-Water)
425,MISSION OFFICE PRODUCTS
426,Commercial Support Services
427,MOORE PARTNERSHIP 1 LTD
428,"Livermore Scientific, Inc."
429,"Apex International Medical Staffing, a G. Vega MD & R. Joseph MD Corp."
430,"ROC Software Systems, Inc."
431,Spurlock Poirier
432,"Eclipse Solutions, Inc."
433,Mountains Recreation and Conservation Authority
434,Bay Medical Company Inc.
435,SIEMENS HEALTHCARE DIAGNOSTICS INC
436,"Armstrong Painting, Inc."
437,MICHELLE HU
438,CSI SUPPLY INC
439,CTC & ASSOCIATES LLC
440,WITT'S EVERYTHING FOR THE OFFICE
441,"Oaktree Gun Club, LLC"
442,Los Angeles Times
443,Crown Lift
444,California Heart Medical Associates
445,Martha Jorgenson
446,Los Rios Community College District
447,Virtual Computing Technology
448,Rachel Pepper
449,Central Coast Pathology
450,"Trevi Partners, LLP, dba Radison Hotel Dublin"
451,"California Reporting, LLC"
452,Allied Imperial Landfill
453,"REGENTS OF THE UNIVERSITY OF CALIFORNIA, UC DAVIS"
454,Leading Resources Inc.
455,Xtelesis
456,CITY OF LOS ANGELES
457,Stanley Access Inc
458,SKYLER ELECTRIC COMPANY INC
459,Shasta County Department of Public Health
460,Wireless Watchdogs
461,San Luis Obispo County AIDS Support Network
462,Elements Food Group
463,Mallory Co-CA
464,The Wall Street Journal
465,Sharon Leavitt
466,City of Vista
467,DIAMOND COURT REPORTERS
468,Patricia Pasqualone
469,Michael Butala
470,Rachel Cole
471,ABC Ventures LLC
472,FANGS
473,California Department of Health Care Services
474,"Lemoore Hardware New, INC."
475,Alexa Merchant
476,NALCO COMPANY
477,City and County of San Francisco
478,PlantTours Communications
479,Allied Waste Services
480,"S.J. Amoroso Construction Co., Inc.,"
481,Godaddy.com
482,Peace Over Violence
483,"OraLine, Inc."
484,California Council of Land Trusts
485,Capital Datacorp
486,Aurora Systems Consulting Inc
487,"BONANZA FOODS AND PROVISIONS, INC"
488,"Ventura Valley Foods, Inc."
489,Pacific Contractors Group Inc.
490,Valley Network Solutions Incorporated
491,"Stafford Environmental Services, Inc."
492,California Emergency Management Agency
493,A Plus Warehouse
494,Senate Committee on Rules
495,Franchise Tax Board
496,"Southwest Boulder & Stone, Inc."
497,"NetProtex, Inc."
498,"Sprint Solutions, Inc"
499,American Association of Motor Vehicle Administrators
500,"Pyxis Water Systems, Inc."
501,Pacific Paper Co & Arcata Stationers
502,Hewlett Packard
503,DE NOVO INK
504,Continuing Challenge HazMat Workshop
505,E A R ENGINEERING CONSTRUCTION & SUPPORT SERVICES
506,BALDWIN GRAPHICS
507,david billingsley tire service inc
508,C & E ENTERPRISES
509,"All County Roofing, Inc DBA: Major League Roofers"
510,Wingfoot Commercial Tire Systems
511,Moore's Sleepworld
512,environmental concepts
513,Recreational Equipment INC
514,CREATIVE LANDSCAPES LLC
515,5 Star Janitorial
516,The California Museum for History Women and the Arts
517,Angus Hamer Networking
518,The Vending Guy LLC
519,All Temp Refrigeration Service
520,"HARRIS STEEL FENCE CO., INC."
521,SOUTHBAY LANDSCAPING INC
522,University of Southern California
523,ABM Parking
524,Highway Products
525,FISK'S TREE AND EXCAVATING
526,"University of California Davis, HR: WorkLife"
527,iStockphoto.com
528,Inpatient Consultants of California Inc. A California Professional Medical Corp
529,Fresno Produce Inc.
530,"Honeywell International, Inc."
531,Santa Clara Waste Water  DBA Southern California Waste Water
532,San Francisco Women Against Rape
533,C&M Transfer of San Diego Inc
534,"Ditch Witch Equipment Co., Inc."
535,"Ablegov, Inc."
536,Quinn Rental Services
537,Siskiyou Sanitary
538,GRAYBAR
539,SPHERION PACIFIC ENTERPRISES
540,ATRA
541,VULCAN MATERIALS CO WESTERN DIV
542,Sherwin-Williams
543,Department of Public Health
544,Carey & Co. Inc.
545,Erika Flores
546,"Canon Business Solutions, Inc."
547,VECTRONIC Aerospace GmbH
548,Praxair Distribution
549,"rdk distributing co., llc"
550,LEE WILSON ELECTRIC COMPANY INC
551,ARROW VENDING
552,WILLIAMS & ASSOCIATES
553,Mcabee Trucking
554,Western Plumbing Parts & Specialties
555,Rocway D. L. Herman
556,Language World Services
557,FedEx Kinkos
558,UNICOM SYSTEMS
559,Technology Management Solutions Inc.
560,"Redd Zone, LLC"
561,"Garda CL,West Inc"
562,The Metropolitan Water District of Southern California
563,MRO WAREHOUSE INC
564,Diamondback Manufacturing Llc
565,"A Cut Above Tree Service, Inc."
566,San Gabriel Valley Water Company
567,JTZ INC.
568,"Timpac, Inc."
569,Pace Supply
570,Leticia Montoya
571,Rotbergs Humboldt Enterprises
572,A2Z Business Systems
573,"EXECUTIVE ELEVATOR, INC."
574,Oakland Military Institute
575,Singh Group Inc
576,PACIFIC MECHANICAL SUPPLY CO
577,Xerox
578,Convergent Systems
579,"YSI, Inc."
580,Cal Coast Ophthalmic Instruments Inc
581,"SureConnections, Inc."
582,Imaging Products International
583,K. Lawrence Inc. dba Lawrence Tire & Service
584,GREG CALDWELL LOGGING
585,CURRENT CONTROLS INC
586,peninsula office product solutions
587,Advanced DVBE Solutions
588,County of Ventura
589,"EMERGENCY VEHICLE GROUP, INC."
590,SND dba California Container
591,Avantpage Inc.
592,Advanced Technical Solutions
593,Santa Barbara San Luis Obispo Regional Health Authority (CenCal Health
594,J B ELECTRIC
595,CITADEL ELECTRIC INC.
596,"Executive-Suite Services, Inc."
597,BMI
598,Julia Saldana
599,KD Foods
600,Emergency Vehicle Outfitters
601,Air Filter/Control
602,Rosalva Almazan
603,The Community College Foundation
604,American Textile Systems
605,BRAD SUTTON TRUCKING INC.
606,New Readers Press
607,City of Angels
608,Jones & Mayer
609,"WESTERN SLOPE FORESTRY, INC."
610,AGBAYANI CONSTRUCTION CORPORATION
611,Capitol Barricade Inc
612,Providence Technology Group
613,Anne Carle
614,American Shredding
615,Department of Toxic Substance
616,Headrick Logging
617,"UNIVERSAL SPECIALTIES,INC."
618,"Dental Health Products, Inc."
619,IBHP INCORPORATED
620,Signature Sports Flooring
621,Margie's Book Nook
622,United Water Conservation District
623,Byron Berry
624,Burke E. Porter
625,"Alliant Insurance Services, Inc"
626,"Crossroads Diversified Services, Inc."
627,CASTAIC TOWING & AUTO REPAIR
628,Carahsoft Technology Corp
629,SANDLER BROTHERS
630,Exponent
631,GRANITE CONSTRUCTION
632,Brian Brown
633,"TAYLOR & FRANCIS GROUP, LLC"
634,Center for Healthcare Education
635,Western Weather Group
636,Hewlett Packard IPG
637,Mendocino Land Trust
638,"INDEPENDENT TELEPHONE NETWORK, INC"
639,Sacramento Bee
640,"Texassee Touring, Inc."
641,Sierra Valley Moving & Storage
642,"E Complete, LLC"
643,Jordano's Foodservice
644,"Backup Training, LLC"
645,Elizabeth Wholesale
646,ALL-LINE UNIFORM SALES
647,Newark
648,The Hallmark Group
649,SALMONID RESTORATION FEDERATION
650,Alliant Insurance Services
651,RICHARD A. SPANGLE AIR CONDITIONING INC
652,CHEM QUIP INC
653,"SAIC Energy, Environment & Infrastructure, LLC"
654,"Pitney Bowes Business Insight (dba Pitney Bowes Software, Inc)"
655,S. C. NYLAND CONSULTING
656,"GDL Best Contractors, Inc."
657,"US Power, Inc."
658,California Department of Conservation
659,EZ clean team
660,MARK LEE & YONG KAY INC DBA BAY CONSTRUCTION CO
661,"Pacific Industrial Supply, LLC"
662,Hacienda La Puente Adult Education
663,American Refractory Service in
664,Serina Torres
665,EXPRESS PIPE AND SUPPLY CO
666,AltaMed Health Services Corporation
667,Anthem College
668,Ramin Ashtiani M.D.
669,Pat Denis
670,HANNAN SPECIALTIES
671,"Dunbar Armored, Inc"
672,CAPITAL IQ
673,Brodart Company
674,A & B Saw & Lawnmower Shop
675,Kira Williams
676,sunrise shoes & pedorthic serv corp
677,Shasta County Fire Department
678,NATURAL VISION
679,Matheson Tri-Gas
680,HEARING REHABILITATION SOLUTIONS INC
681,Eide Bailly LLP
682,County of Glenn
683,THOMSON/WEST
684,Alejandro Adrade
685,Northern Paramount Janitorial
686,Office of Exposition Park Management
687,FRESNO PRODUCE
688,AMIRIX Systems Inc.
689,"49er communications, inc"
690,BACKFLOW PREVENTION SERVICE
691,Sacramento City Unified School District
692,"WALKERS OFFICE SUPPLIES, INC."
693,C.J. Hammer Pump and Machinery Company
694,California Coastal Commission
695,CIRRUS ENVIRONMENTAL INC
696,Michael Rozen
697,All Metals Supply Inc
698,JMC PERFORMANCE
699,LMI Training Institute
700,KENS WATER TENDER INC
701,"JustCarla, Inc."
702,COUNTY OF MERCED
703,ERC Contracting
704,Los Angeles City/County Native American Indian Commisision of LA
705,"MSA Systems, Inc."
706,Coast Learning Systems
707,Food Service Systems Inc
708,Edward R. Bacon Co. Inc.
709,MENDOZA & ASSOCIATES
710,FIRELINE DOZERS INCORPORATED
711,OLEARY OFFICE PRODUCTS
712,Signal Hill Auto Enterprises Inc. DBA: Supply Solutions
713,IP Access International
714,DATA WEIGHING SYSTEMS
715,Advance Sound & Electronics
716,Bryan C. Hartnell
717,METRO ELECTRONICS INC
718,Tracie Hall-Burks
719,"DigiCert, Inc."
720,Cal Poly Corporation
721,Bay Area College of Nursing
722,National Discount Textles
723,TriMark ERF
724,HAYESCO ROOF
725,"K.W. EMERSON, INC"
726,Cuesta Community College
727,"TURNING POINT OF CENTRAL CALIFORNIA, INC."
728,Access Ingenuity
729,A. Wallace Trucking
730,"Peterson Trucks, Inc."
731,West Coast Materials LLC
732,Karina Hernandez
733,"PROMPT DELIVERY, INC."
734,"Tom's Earthmoving & Excavating, Inc."
735,MOM AND POPS TRAVELING DELI
736,Universal Waste Systems Inc
737,Master Packaging Solutions
738,Control Solutions Design Inc.
739,"Marvous Saunders, M.D."
740,Greater Sacramento Pharmacy Inc.
741,OFFICE SUPPLIES UNLIMITED
742,Ipswitch
743,"MAGNETIC PRODUCTS AND SERVICES, INC."
744,Center for Employment Training
745,"AMAZON.COM, INC"
746,Builders Booksource
747,"Blue Cross of California Partnership Plan, Inc."
748,CLARK SECURITY PRODUCTS A DIVISION OF ANIXTER INC
749,"Applied Software, Inc."
750,"Western Blue, an NWN Company"
751,LA QUINTA INN
752,Miriam Ribeiro
753,"Mg San Aye, M.D."
754,"Liberty Dental Plan of California, Inc."
755,Communication Enterprises Inc (CEI
756,"Motion Industries, Inc"
757,Lombart Instrument
758,"George's Auto Supply, Inc."
759,Holiday Inn-Chico
760,Alfonso Gallegos Inc. dba Great Tree Tenders
761,"ID Label, Inc."
762,Square One Staffing
763,Lassen Economic Development Corporation
764,MCLELLAN EQUIPMENT INC
765,AvantPage
766,Williams & Associates Plus One
767,General Services Administration
768,Lemoore Auto Supply
769,Pomona Valley Hospital Medical Center
770,Spitfire Response Services
771,BRITE SHEET METAL
772,Ethical Approach Inc
773,"SCOTT-MARRIN, INC."
774,JENSEN AUDIO VISUAL
775,LivingWorks Education
776,Southern Oregon Log Scaling and Grading Bureau
777,N E CARLSON CONSTRUCTION INC
778,Regimental Quartermaster
779,"Stilt Circus, Inc."
780,Far West Business Systems
781,Pauley Equipment Company
782,Crowe Horwath LLP
783,Melissa Lawton
784,CPS HR Consulting
785,Patco Products
786,EV Connect
787,Johnson's Trucking Inc
788,"California Family Health Council, Inc."
789,Chester Public Utilities District
790,HUB Construction Specialties Inc.
791,Duncan Wholesale
792,Commercial Appliance Service Inc.
793,a-1 rain gutters
794,Emergency First Response
795,"Smith Construction Co., Inc."
796,"The Regents of the University of California, Riverside, Ce-CERT"
797,Steve's Pumps & Well Drilling
798,Marina Nguyen
799,Ray Morgan Company
800,Capitol Morning Report
801,Cory Adams
802,"Arntz Builders, Inc"
803,"Brookstone Emergency Services, Inc."
804,COUNTY OF MARIN
805,"Humboldt Fasteners, Inc."
806,CUETECH
807,REDWOOD COMMUNITY ACTION AGENCY
808,Wind River Systems
809,BELL AND HOWELL
810,LSoft Technologies
811,Elizabeth Gil
812,Kvichak Marine Industries
813,Galaxie Defense Marketing Services
814,"TeraBand Technologies, Inc"
815,"DC MACK, INC. dba PIRTEK POWER INN"
816,"Superior Produce, Inc."
817,Taborda Solutions Inc
818,BRG CONSULTING INC
819,Classique Catering
820,eCaptions.com
821,The Brown Bag Sandwich Co
822,Mow-N-Edge Corporation
823,3D DATACOM
824,City of Redlands
825,Jean Lowry
826,ARCADE CAMERA
827,"Ocean Blue Environmental Services, Inc."
828,Rosendin Electric
829,Empire College
830,Olympic Ceramic Tile
831,American Maintenance Supply Co.
832,"Progressive Medical, Inc."
833,Pumpman Inc
834,"El Dorado Water & Shower Service, Inc."
835,Atazz Technical Services
836,"J W MORRISON, INC."
837,Ashby Lumber Company
838,PACIFIC BUILDER
839,KUSTOM KITCHENS
840,San Luis Ambulance Service Inc
841,"MATTHEW BENDER & CO., INC."
842,"Central Valley Concrete, Inc."
843,"In Time Solutions, Inc"
844,3T equipment company inc.
845,DI Technology Group Inc dba Data Impressions
846,CHICAGO-SOFT LTD
847,Lockheed Martin Corporation
848,Hospitalist Medicine Physicians of California
849,DBA
850,NCS-Red & White Moving Services
851,United States Geological Survey
852,"Outdoor Creations, Inc."
853,"Capital Rubber Co., Ltd"
854,EBSCO
855,Snap-on Tools
856,International Association of Industrial Accident Boards
857,"Seafloor Systems, Inc."
858,FENCE FACTORY
859,Certi-Fire Corporation
860,Riofine Neon sign company Inc
861,"The Regents of the University of California, Davis"
862,Fresno County Fire Protection District
863,National Association of Health Data Organizations
864,AmeriGuard Maintenance Services LLC
865,"Greater Los Angeles Agency on Deafness, Inc."
866,Rose Wilcox
867,"Safety-Kleen (California), Inc"
868,"EMS Safety Services, Inc"
869,Cal Best Industrial Supply
870,BOBCAT COMPANY
871,Pit River Contracting Inc
872,ASTROPHYSICS LLC
873,Fresno-Madera Area Agency on Aging
874,Michel Douglas
875,North Coast Native Nursery
876,Jennifer Allen
877,Siemens Healthcare Diagnostics
878,"U S Diversified Construction Serivices, Inc"
879,SILVER FOODS EXPRESS DISTRIBUTION
880,SHN CONSULTING ENGINEERS & GEOLOGISTS INC
881,Applied Air Filters
882,Lilia Gomez
883,R & S Trucking
884,Sharp Electronics Corporation
885,Empire Safety & Supply
886,Goodyear Commercial Tire & Service Centers
887,GLENN'S HOME AND COMMERCIAL MAINTENANCE
888,Bishop Grading
889,Tetra Tech
890,Checkpoint Communications
891,Mission Linen & Uniform Services
892,WHEEL & TIRE SERVICES INC
893,American Technologies Inc.
894,Corey Macintyre
895,EXCELCHEM ENVIRONMENTAL LABS
896,Hollister Incorporated
897,Home Electronics Lab
898,"Road Machinery, LLC"
899,Lawrence Wholesale
900,Masters Pharmaceutical Inc
901,JUST CLEAN IT INC
902,C J FOODS
903,"California State University, Sacramento"
904,Loma Linda University
905,Dave Leggitt Enterprises
906,Global Knowledge
907,Procurement Management Solutions
908,United Site Services
909,urs
910,"BILL'S LOCK & SAFE SERVICE, INC."
911,Stanley Convergent Security Solutions Inc.
912,"The Palladino Company, Inc."
913,KTU+A
914,All Star Water Trucks
915,Edgar Robles
916,Alpha Industries Inc.
917,Area Truck Driving School
918,BEST SOURCE DISTRIBUTING
919,"Duncan & Duncan Medical, LLC"
920,Standard & Poor's
921,"Jeffco Painting & Coating, Inc."
922,BigTray
923,Rex Moore
924,American Warehouse
925,Pro-Dump and Excavating
926,BMI Imaging Systems
927,HP Enterprise Services
928,sysco food service
929,City of Fresno
930,Picky Picky Picky
931,"CIM/J Street Hotel Sacramento, Inc. dba Sheraton Grand Sacramento Hotel"
932,NORMAC INC
933,Majestic Intl Spice Corporation
934,"McKesson Technologies, Inc"
935,DANIELS TIRE SERVICE
936,Morgan-Nels Industrial Supply
937,Scott Valley Fire Protection District
938,stover seed co
939,Konica Minolta Business Solutions
940,THEE LOCKSMITH
941,BALDWIN PRODUCTIONS
942,National Institute for Healthcare Education
943,Merced County Community Action Agency
944,"VAS SECURITY SYSTEMS, INC."
945,PROFESSIONAL PROPERTY MAINTENANCE
946,"Health Net of California, Inc."
947,"VESOFT, Inc."
948,"SIRO TRADING, INC."
949,San Francisco State University
950,PACIFIC STATES MARINE FISHERIES COM
951,L.A. Care Health Plan
952,Meredith Digital
953,John Wheeler Logging
954,California Ocean Science Trust
955,"Paper Recycling & Shredding Specialists, Inc."
956,Neese Construction
957,"Tiburcio Vasquez Health Center, Inc."
958,Rezek Equipment
959,HARRIS EMERGENCY SERVICES
960,Integral Ecology Research Center
961,MCATEE'S MARINE REPAIR INC
962,MSC Industrial Supply Company
963,AT&T
964,"Tayco Screenprint, Inc."
965,Mattole Restoration Council
966,custom janitorial service
967,California Surveying & Drafting Supply
968,CHROME DATA SOLUTIONS LP
969,Department of Consumer Affairs
970,Sysco - Sacramento
971,County of Fresno
972,Federal General Services Administration
973,LOS ANGELES UNIFIED SCHOOL DISTRICT
974,ENCORE DISCOVERY SOLUTIONS INC
975,"Forestry Suppliers, Inc."
976,Office Xpress Inc
977,Enterprise Medical Services
978,Nilda Diaz-Vivar
979,WALGREENS SPECIALTY PHARMACY LLC
980,Motorola Solutions
981,IDSC HOLDINGS INC SNAP-ON IND
982,CED Consolidated Electrical Dist.
983,Tom's Equipment Rental
984,Economic Opportunity Council of San Francisco
985,Western Integrated Systems
986,"Katherine J. Thomson, Arbitrator and Mediator"
987,"IMDb.com, Inc."
988,Henry Schein
989,PATRIOT DVBE
990,"Maximus Federal Services, Inc."
991,"Mallcraft, Inc"
992,Fortner Excavation
993,CocoBlue
994,OPEX Corporation
995,"Wavelength Automation, Inc."
996,PACIFIC UTILITY CONSTRUCTION
997,Lopez Works Inc.
998,"Watermark Engineering, Inc."
999,"Carmen Group, Inc."
1000,hagel services
1001,Marvac Electronics
1002,California Conservation Corps
1003,Mendo Lake Garage Door Co.
1004,AIR LIQUIDE
1005,Kings County
1006,DIAMOND ENVIRONMENTAL SERVICES LLC
1007,"S & S Service Station, Inc."
1008,Sexual Assault Recovery & Prevention Center of San Luis Obispo
1009,LA Grinding Company
1010,LINDA SAW AND MOWER SHOP
1011,"Rayvern Lighting Supply Co., Inc."
1012,Chaffey Community College
1013,Tec of California
1014,"AUTOMOBILE ACCESSORIES CO., INC"
1015,Trinity Technology Group
1016,Unico Mechanical Corporation
1017,Shari Swanson-Madison
1018,Energy Absorption Systems Inc
1019,SILVERTIP HELIBASE MANAGEMENT SERVICE
1020,Sugarpine Enterprises Inc.
1021,County of San Luis Obispo
1022,Linda Frank
1023,Lepage Company Inc.
1024,north valley distributing
1025,CHOI'S MAINTENANCE
1026,Jack Doheny Companies
1027,PETERSON TRACTOR CO
1028,Hanson Aggregates
1029,Hilbers Inc.
1030,STILES PAINT MFG. INC
1031,"Articulate Global, Inc"
1032,Michelle Ly
1033,Brooks & Assoc.
1034,NEXXSOL CORPORATION
1035,Wondries Fleet Group
1036,Butte Sand and Gravel
1037,"Kaiser Permanente Medical Center, Anaheim"
1038,GARRATT-CALLAHAN COMPANY
1039,First American Title Insurance Company
1040,"TAB Products Co, LLC"
1041,Midtown Stationers
1042,Aastra
1043,SOUTHLAND DISPOSAL COMPANY
1044,Bruce's Tire Inc.
1045,MTI College
1046,interstate sales
1047,CALIFORNIA DEPARTMENT OF PUBLIC HEALTH
1048,"Reinvention Unlimited, Inc. dba HealthMaster Supplies/Vitamin Guy"
1049,Glen Price Group
1050,Team One Networking
1051,Graybar Electric Company Inc
1052,Menghetti Construction
1053,URS Corporations America
1054,ECONOMY RESTAURANT EQUIPMENT & SUPPLY
1055,GP Development
1056,ABE Janitorial Supply
1057,City of Long Beach
1058,RAM Enterprises
1059,Southwick & Sons Trucking
1060,"SYSTEM SOLUTIONS DVBE, INC."
1061,"DIAMOND STEEL CO., INC"
1062,Michael Brown Sales Corp
1063,FORDERER CORNICE WORKS
1064,ZFA STRUCTURAL ENGINEERS
1065,AAA Wholesale Co. Inc.
1066,"RAE Systems, Inc"
1067,Department of Human Resources
1068,Gavilan Joint Community College District
1069,"International Mailing Equipment, Inc."
1070,Stanislaus Community Assistance Project
1071,"California Metro Mobile Communications, Inc."
1072,ALL AMERICAN LOCK CORPORATION
1073,Cannon Sports Inc.
1074,COMCAST
1075,A L WARD CONSULTING
1076,Stay Safe Supply Inc.
1077,Ware Disposal
1078,Shin Shin Training Center
1079,Golden Star Technology Inc
1080,SEQUOIA PACIFIC BUILDERS INC
1081,SIGMA INTERNATIONAL BUSINESS MACHINES INC
1082,Del Norte Office Supply
1083,"Hossein Razavi, M.D., Inc."
1084,Three Star Maintenance
1085,KP Research Services
1086,Video Electronics
1087,1105 Media Inc.
1088,RadioWave Marketing and Promotions LLC
1089,INDUSTRIAL MAINTENANCE INC
1090,MATHESON TRI-GAS
1091,Angus-Hamer Inc.
1092,BAY AREA TREE SPECIALISTS
1093,Lotek Wireless Inc.
1094,Delphin Computer Supply
1095,Blue Eagle Enterprises
1096,"A. T. KRATTER & Company, Inc"
1097,Traffic Control and Safety
1098,CORA CONSTRUCTORS INC
1099,"Bottomline Technologies, Inc."
1100,MOHAWK RESOURCES LTD
1101,KANAYA CONSTRUCTION INC
1102,Emergency Water Supply
1103,GONE FISHIN MARINE INC
1104,2020vet
1105,EXPERT NETWORK CONSULTANTS
1106,Muth Equipment inc.
1107,Granite Data Solutions
1108,Read Again
1109,SurveyMonkey.com
1110,WINSOR CONSTRUCTION INC
1111,Case-It!
1112,BRIDGE MICRO
1113,Sterling Adaptives
1114,SIEMENS INDUSTRY INC
1115,"Impex Technologies, Inc"
1116,"COLUMBIA BUSINESS FORMS, INC."
1117,Midamar
1118,Computer Training Academy
1119,DIXON HARDWARE & LUMBER
1120,AMERICAN PRODUCT SUPPLY GROUP
1121,"Advantage Imaging Supply, Inc"
1122,WATER EDUCATION FOUNDATION
1123,The Excel Group Inc. dba Yuma WORC Center
1124,"Goss International Americas, Inc"
1125,ARSENAULT ASSOCIATES
1126,"Long Beach Shavings Co., Inc."
1127,"Community Enhancement Services, Inc."
1128,"CELLBLOCK SUPPLY, INC."
1129,BLYTHE AUTO PARTS INC
1130,ARCADIS
1131,GRID Alternatives
1132,Anton Paar USA
1133,Cabela's
1134,Office of State Printing
1135,Jaguar Educational
1136,Global Power Group
1137,Response Envelope
1138,X Training Equipment
1139,CALIFORNIA IMAGING SERVICES
1140,ANDERMAC INC
1141,The Very Last Word
1142,Elizabeth McCraven
1143,Shandam Consulting
1144,"G & P Group, Inc."
1145,Lorraine Ramirez
1146,Peterson Tractor Co.
1147,Ponderosa Office Supply Inc
1148,Artistic Solutions Landscaping
1149,"Executive Information Systems, LLC"
1150,ICL Performance Products LP
1151,JAMES E MALONEY
1152,SWEETMAN SYSTEMS
1153,Jacob Gregerson
1154,American Messaging Service LLC
1155,"Newton Construction & Management, Inc"
1156,Tipu Khan
1157,SCOTT MACHINE DEVELOPMENT CORPORATI
1158,BBC ELECTRIC INC
1159,THE CLEAN SOURCE
1160,Kristy Putnam
1161,Envelope Products Co.
1162,NAPA Auto Parts
1163,Coast Counties Truck & Equipment
1164,EARTH WORKS
1165,"Cyber Medical Imaging, Inc."
1166,Community Health Group Partnership Plan
1167,DEBRA AREBALO CONSTRUCTION
1168,County of Riverside
1169,SMITH ROOT INC
1170,"GEONOR, INC."
1171,Mister Sprockets
1172,"The iFish Group, Inc."
1173,CHEMSEARCH
1174,IBM
1175,Amazon.com
1176,Diagnostic Laboratories & Radiology
1177,CONSOLIDATED ELECTRICAL DIST.
1178,Manley Laboratories
1179,SOPHUS CONSULTING
1180,Muckenthaler Cultural Center
1181,John Davis
1182,NATIONAL BAND & TAG CO
1183,Assembly Committee on Rules
1184,"Sonoma Technology, Inc."
1185,University Enterprise Inc
1186,LAS COLINAS ENGINEERING
1187,"CA, Inc."
1188,The Platinum Packaging Group
1189,Montgomery Hardware Co.
1190,California Institute of Technology - CALTECH
1191,"CH Technologies (USA), Inc."
1192,INSTRUMENT TECHNOLOGY CORPORATION
1193,RHODES CONSOLIDATED INC
1194,ProQuest LLC
1195,"Entisys Solutions, Inc."
1196,The Dependable Companies
1197,C & B ENTERPRISES INC
1198,Valenti Construction Inc
1199,ARROWHEAD CONSULTANTS INC
1200,San Diego Police Equipment Co. Inc.
1201,"Network Delivery Systems, Inc"
1202,"Glowpoint, Inc"
1203,TiG
1204,A-1 WATER AND DUMP TRUCKS
1205,Lexi-Comp
1206,"Altec Industries, Inc."
1207,WHITE CAP CONSTRUCTION SUPPLY
1208,West American Supply
1209,IONE PHARMACY
1210,"Unident/Unimed, (USA)"
1211,Adventist Health Physicians Network
1212,"AmmMm, Inc."
1213,"Garza Industries, Inc"
1214,State Personnel Board
1215,PRO TECH CONCRETE ENTERPRISES INC
1216,Ecolab
1217,H F Enterprises
1218,"Servi-Tech Controls, Inc."
1219,COPY LINK INC
1220,D & D Tire Inc
1221,BULLEX INC
1222,Golden Bay Fence Plus Iron Works Inc
1223,"Clean Lakes, Inc."
1224,Tommy Nguyen
1225,US FOODSERVICE
1226,HUGHES ASSOCIATES CONSULTING
1227,CF Contracting
1228,HEC Software Inc dba Reading Horizons
1229,Ingenix Consulting
1230,101 Trailer Sales
1231,J L HACKLER CONSTRUCTION
1232,"Emcor Service, Mesa Energy"
1233,EAST BAY REGIONAL PARK DISTRICT
1234,Eagle Police Supply
1235,COUNTY OF SAN BERNARDINO
1236,"Interstate Hotels LLC, as agent for, Today's IV, Inc. dba The Westin Bonaventur"
1237,Commerce Printing Services
1238,EVOLUTION MARKETS INC
1239,Culligan Water Conditoning
1240,"Green Box Rentals, Inc."
1241,Infinity Salvage
1242,"Mom's Janitorial, Inc."
1243,DeviceLock Inc
1244,Innovative Government
1245,"Emergency Vehicle Specialists, Inc."
1246,"Tom Santoro Transportation,Inc"
1247,Crystal Ramirez
1248,Oakland Police Department
1249,PX DIRECT
1250,Central Coast Batteries
1251,"Life-Assist, Inc."
1252,"First Vanguard Rentals & Sales, Inc."
1253,Silver State International
1254,Elivey Jimenez
1255,Orion Healthcare Technology
1256,"EPLUS TECHNOLOGY, INC"
1257,ND TECHNOLOGY
1258,A-1 Distributing
1259,AIRGAS NCN
1260,"Blast/Coat Systems, Inc."
1261,Cengage Learning
1262,GARRISON MANUFACTURING INC
1263,"JAYKAY, INC."
1264,ALLIED CAPITAL GROUP
1265,"Aware, Inc."
1266,"Redding Countertops, Inc."
1267,"Better Presentation Systems, Inc."
1268,Coleman Construction
1269,COUNTY OF SANTA CRUZ
1270,STETSON POWER INC
1271,GRADYS FOOD SERVICE EQUIPMENT & SUPPLY
1272,COOKSON CONSTRUCTION
1273,Compactor Management Company
1274,"Gartner, Inc."
1275,Miles Treaster & Associates
1276,C.V. Larsen Co.
1277,Wind Dancer Moving Company
1278,BANANAS AT LARGE
1279,Cop Shop Installations
1280,"DOUBLE BARREL ENVIRONMENTAL SERVICES, INC."
1281,Castle & King Rock & Ready Mix Inc.
1282,Total Koncepts Environmental Services
1283,Belfore Property Restoration
1284,Kaiser Permanente Occupational Health Center
1285,Educational Testing Service
1286,SECURITY INTEGRATORS INC
1287,National Association of Regulartory Commisioner
1288,"Covaris, Inc."
1289,Helen Duong
1290,EDCO
1291,"Ricoh USA, Inc."
1292,"Epic Pest Control & Landscape Services, Inc."
1293,HC Pro
1294,ENVIRONMENTAL SCIENTIFIC PRODUCTS
1295,TROUX TECHNOLOGIES INC
1296,Dewsnup Fire Support
1297,UC Davis Extension
1298,"Sumrall Solutions, LLC"
1299,Charter Communications Properties
1300,AMERICAN TEX-CHEM CORP
1301,"Tire Centers, LLC/TCI Tire Centers"
1302,Siliconave.com
1303,Shaw Valenza LLP
1304,Regents of the Univ of CA - Cont Educ of the Bar
1305,"FEDEX Corporate Services, Inc."
1306,Spectrum Office Products
1307,"USL Financials, Inc."
1308,"Accurate Cleaning, Inc."
1309,Teacher's Curriculum Institute
1310,NICHOLS-BERMAN
1311,Alan Reed Weil
1312,California Housing Partnership Corporation
1313,VALLEY TRUCK AND TRACTOR CO
1314,California Department of Transportation
1315,"advance computer service, inc."
1316,"Horizon Business Solutions, Inc."
1317,B & Z AUTO COLOR INC
1318,"NetXperts, Inc."
1319,William J. Bodziak
1320,Ourx Pharmaxy Inc
1321,Nara Pashikyan
1322,electric lighting co
1323,West Publishing Corporation
1324,SIERRA SAFETY COMPANY
1325,"GovStor, Inc."
1326,"Stanfield Systems, Inc."
1327,DATA SYSTEMS DESIGN INC
1328,"Rockwest Technology Group, Inc. dba Multicard"
1329,CABLE CISCO
1330,NASUCA
1331,DOWNTOWN FORD SALES
1332,DOW & ASSOCIATES
1333,Sonoma Land Trust
1334,"ERRG, Inc."
1335,OK TIRE AND AUTOMOTIVE
1336,MILLIPORE CORPORATION
1337,"MOSA Technology Solutions, LLC"
1338,Whitfield Russell Associates
1339,UC Berkeley Dr. Robert C. and Veronica Atkins Center for Weight and Health
1340,McArthur Farm Supply Inc.
1341,Markell Inc.
1342,City of Marysville and  Fire Department
1343,Todd Wayne Monroe
1344,COUNTY OF SAN MATEO
1345,PLANMECA USA INC
1346,Center for Community Solutions
1347,Gopher Sport
1348,Confidential Data Destruction / Confidential ProFilers
1349,DOOLEY ENTERPRISES INC
1350,MEEKS BUILDING CENTER
1351,WEST COAST INDUSTRIAL SUPPLY
1352,Negretes Construction
1353,Berkeley Varitronics Systems
1354,Holiday Transfer Co.
1355,Pepsi Beverages Company
1356,"SOUTHLAND LAUNDRY SYSTEMS, INC. DBA GOLDEN STATE LAUNDRY SYSTEMS"
1357,Imperial Locum Services Inc
1358,"Kenaston Flooring, Inc."
1359,Joanne Evans
1360,THE MATHWORKS INC
1361,Community Regional Hospital and Medical Center
1362,"Callor Sales, Inc"
1363,"Midstate Barrier, Inc."
1364,Zaharra Karungi
1365,Electric Car Sales & Service
1366,Gould Government Product Solutions
1367,Secure Detention Products
1368,"Electrojet Communications,  LLC"
1369,Yosemite Community College District
1370,TDM Supply
1371,"The Data Systems Group of CA, Inc."
1372,"M.W. Loyd, Inc."
1373,Diversified Landscape Co.
1374,River City Office Supply
1375,BIZCHAIR.COM
1376,"Smith & Sons Electric, Inc."
1377,Ferrellgas
1378,Street Service and Supply
1379,ANIMAL CARE EQUIPMENT AND SERVICES
1380,"EH COMPANY, INC"
1381,Gordon Industrial Supply
1382,work boot warehouse
1383,COUNTY OF SAN DIEGO
1384,"PANORAMA ENVIRONMENTAL, INC."
1385,Financial Development Corporation
1386,"RMA Consulting Group, Inc."
1387,Trinh College
1388,So Cal Property Services
1389,Educational Commission for Foreign Medical Graduates
1390,California State Parks
1391,County of Yolo
1392,Melinda Johnson
1393,MULLEN MARKETING LLC
1394,Purple Language Services
1395,Orange Coast Dodge
1396,Unisource
1397,El Campanario Janitorial
1398,AWB INC
1399,AAA Equipment
1400,Verizon Wireless
1401,SoCal Shred LLC
1402,Employment Development Department
1403,STOCKTON TRI INDUSTRIES INC
1404,OCPC Inc
1405,GoGreenBuildings-Sacramento
1406,Sunrise Excavating
1407,Fishman Supply Company
1408,"Gregg Drilling and Testing, Inc."
1409,Department of Industrial Relations
1410,Cal-Tech Professional Installations
1411,Marcus Cannon
1412,Wang Urology Clinic
1413,"SLED IT SOLUTIONS, INC."
1414,Dennis Howard
1415,"Texas Transportation Institute, Texas A&M University System"
1416,Catholic Charities - Diocese of Stockton
1417,KFIVEUSA
1418,Rural Pig Management Inc.
1419,Brame Specialty Company Inc
1420,"Titan Water Technology, Inc."
1421,Professional Medical Copy
1422,"Younger General Contractors, Inc."
1423,Sierra Mountain Construction Inc
1424,ADAM HILL COMPANY
1425,Hilltop Medical Clinic West
1426,"Natoma Technologies, Inc."
1427,BAY CITY MOVING & STORAGE INC
1428,Barnes & Noble Booksellers
1429,Gail Schaife
1430,ARCHITERRA
1431,Center Point Inc
1432,Roselia Lopez
1433,Kings/Tulare Area Agency on Aging
1434,Bruce Moran
1435,Discount Office Items
1436,"Unity Courier Service, Inc"
1437,"MJP Technologies, Inc."
1438,MENDOZA DISTRIBUTING
1439,"BellChem Water Consultants, inc."
1440,"WestCare California, Inc"
1441,Communique Interpreting
1442,SCIT
1443,McGarry&Laufenberg
1444,"Titus Enterprises, Inc."
1445,Genevieve Lloyd
1446,Digital River
1447,ShoreTel Inc.
1448,Kenneth Opdyke
1449,Orange County's Pacific Symphony
1450,"University Enterprises, Inc"
1451,CompuCom Systems inc.
1452,University of California San Francisco
1453,Paul Tassie
1454,lockwood fire protection district
1455,TENSION ENVELOPE CORP
1456,Cornflower Farms
1457,California Southern Small Business Development Corporation
1458,Dell ASAP Software
1459,Hanosh & Associates
1460,"Ktek Products & Systems, Inc."
1461,American Association of Bioanalysts
1462,"Arbor Building Group, Inc."
1463,"Specialized Care Co., Inc."
1464,"EDP Environments, Inc."
1465,SILVER STAR SPECIALTY
1466,Robert Pearson
1467,CHANDLERS HOME APPLIANCE CENTER
1468,LINGO INDUSTRIAL ELECTRONICS
1469,UNITED RESEARCH & MANUFACTURING
1470,Santa Maria Tire Inc
1471,Valley Consortium for Medical Education
1472,"Allied Network Solutions, Inc"
1473,O'Banion & Ritchey LLP
1474,"Studebaker Brown Electric,Inc"
1475,L-Soft Sweden AB
1476,OnTrac (formerly known as California Overnight) - only intrastate deliveries
1477,MARC BECKER DIESEL FUEL INJECTION
1478,"HF Tech Services, Inc"
1479,BREEZE IT
1480,Food Express USA
1481,Air Treatment Corp
1482,"Kissel Law Office, PLLC"
1483,Rehabilitation and Occupational Consultants
1484,CT INTERNATIONAL
1485,Edwards Office/Medical
1486,ENVIRONMENTAL SYSTEMS RESEARCH
1487,PRIDE Industries
1488,BRIGGS MFG
1489,"Rio Jordan Construction, Inc"
1490,POWER SOLUTIONS
1491,ALL STAR SALES EVENTS
1492,CLARK EQUIPMENT SUPPLIES
1493,"Cobalt Industrial Supply Co., Inc."
1494,Dawson Oil Company
1495,ACL Services Ltd.
1496,Community Action Partnership of Orange County
1497,Aspen Environmental Group
1498,Blake's Books
1499,Cook Paging
1500,"Mother Lode Van & Storage, Inc"
1501,Jill Reed
1502,"Burney Disposal, Inc."
1503,"Don Rose Oil Co., Inc."
1504,Practical Hospital Services
1505,HDR DISTRIBUTING CO.
1506,"GORM, Inc."
1507,Lincoln Training Center
1508,"Dynavox Systems, LLC"
1509,"G & J TRUCK SALES, INC."
1510,Pacific Records Management
1511,Verizon
1512,Best Western Hilltop Inn
1513,"The Regents of the University of California, Los Angeles"
1514,M J Industrial Supplies
1515,MIS Training Institute
1516,All's Well Healthcare Services
1517,PSA 26 Area Agency on Aging
1518,"Project Go, Inc."
1519,"ENS, Inc."
1520,Lehr Auto Electric
1521,Moore Medical Corp.
1522,BOARD OF REGENTS/NSHE
1523,PITNEY BOWES
1524,VWR International
1525,Adam Reichick
1526,SACPM
1527,"M. Kevin O'Neill Construction Co., Inc."
1528,Kern Health Systems
1529,Oakland Packaging & Supply
1530,daglow janitorial&med supplies
1531,Stefenee Camareno-Clinton
1532,Hector Ornelas
1533,U.S. Army Corps of Engineers (USACAE)
1534,ICL Performance Products
1535,Environmental Logistics Inc
1536,California Veteran Supply Inc.
1537,SNAK CLUB INCORPORATED
1538,Calif State Office of Systems Integration
1539,"Deaf Community Services of San Diego, Inc"
1540,Sharon Jones
1541,Gary Shute OD
1542,Sierra Joint Community College District
1543,Language Services Associates
1544,Payless Building Supply
1545,CHILD SUPPORT DIRECTORS ASSOC
1546,City of Paradise
1547,IHS Global Inc
1548,THE TRAVEL PLACE
1549,GSA Kansas City Region 6
1550,"1ST CHOICE MODULAR INSTALLATION, LLC"
1551,Kerri Tracy
1552,EL DORADO FIRE PROTECTION DISTRICT
1553,CA State Controllers Office
1554,"Heidelberg USA, Inc."
1555,Craftmaster Hardware Co Inc
1556,"Meal Delivery Solutions, INC."
1557,AMERICAN WHOLESALE
1558,WestEd
1559,VanDermyden Allison Law Corporation
1560,WATTCO
1561,"Safe Software, Inc."
1562,"DIRECT ACTION TACTICAL, INC"
1563,GLOBAL KNOWLEDGE NETWORK INC
1564,Minh Ha Pham
1565,Howell Mountain Distributor dba Wholesome International
1566,EcoChem Analytics
1567,AssetWorks Inc
1568,Fortuna Fire Protection District
1569,SIERRA HIGHWAY SAFETY
1570,Good Source Solutions
1571,Northern California Cancer Center
1572,"LANCASTER PLUMBING SUPPLIES, INC"
1573,County of San Benito
1574,C&S INDUSTRIAL SUPPLY
1575,Sierra Water Shuttle
1576,"Bashboy Enterprises, Inc. DBA California Printing Consultants"
1577,SARONI FOOD SERVICE
1578,EPPLER TOWING
1579,"California State University, Fresno Foundation"
1580,PlanIt Big
1581,VINA DISTRIBUTING
1582,CALIFORNIA PRINTING CONSULTANTS
1583,ALLAN ENTERPRISES
1584,Continuing Education of the Bar
1585,INDEPENDENT MAILING EQUIPMENT INC
1586,Golden Sea Inc.
1587,RANESCO
1588,James R. Browning
1589,"American Integrated Services, Inc."
1590,Klayman Pants Co
1591,Alibris
1592,Pacific Products & Services
1593,InveTrak Inc.
1594,BEN TOILET RENTALS INC
1595,"PCMG, Inc."
1596,Gaia Shasta Hotel
1597,"People First of California, Inc."
1598,GRAHAM GENERAL ENGINEERING
1599,"Health Net Community Solutions, Inc."
1600,Stanford University
1601,"Torres Fence Co., Inc."
1602,Wulfsberg Reese Colvig & Firstman
1603,Eden Motor & Tire
1604,Denise Lopez
1605,Butler Automatic Inc.
1606,Carvalho Construction Inc
1607,A and B Supply
1608,"Hilton Garden Inn, Redding"
1609,Asher College
1610,"Alessandro Electric, Inc."
1611,John Claros
1612,Deborah Stevenson
1613,Family Builders By Adoption
1614,"County of Shasta, Health and Human Services Agency"
1615,Cyber Communication
1616,JM ENTERPRISE
1617,"Pacwest Air Filter, LLC"
1618,"Cal-City Construction, Inc."
1619,Paradise Chevrolet Cadillac
1620,AHR Pharmacy Solutions
1621,King City Hardware Inc.
1622,BAY AREA DOCTORS INC.
1623,BOWMAN-FORGEY STATIONERY CO
1624,FORWARD CONSULTING
1625,San Jose State University Research Foundation
1626,Ecolab Inc.
1627,Owens Valley Indian Water Commision
1628,Hanford Toyota
1629,"Wildlife Acoustics, Inc"
1630,Red Mountain Incorporated
1631,A & H REFRIGERATION SERVICES
1632,AMEC
1633,Homer's Janitorial
1634,Northwestern Polytechnic University
1635,Serena Software Inc
1636,"Cart Mart, Inc."
1637,"Rancho California Landscaping, Inc"
1638,MiBecTech
1639,Yolanda fullinwider
1640,State Treasurer's Office
1641,"BlackBag Technologies, Inc."
1642,Nevada Division of Forestry
1643,Bloomberg Finance L.P.
1644,City of San Bernardino
1645,"Community Resource Project, Inc."
1646,"Merati Economic Group, Inc"
1647,SOCO Group
1648,"Gemalto, Inc."
1649,Doc Bailey Construction Equipment Inc
1650,Rio Hondo Community College District
1651,TELEDYNE-API
1652,"CBT Supply, Inc."
1653,Libra Enterprises
1654,"Big Valley Aviation, Inc"
1655,DL Fan Serivce & Balancing
1656,ELGIN MICRO
1657,County of Mariposa
1658,RACHELLE ERICKSON
1659,Best Source Distributing
1660,Jordan Implement Company
1661,DAISY DALTON EQUIPMENT
1662,DirectGov Source
1663,CAL COAST PROMOPRODUCTS
1664,Hi Grade Materials
1665,Kitchell
1666,COUNTY OF SOLANO
1667,JP Services
1668,ABC PRESS
1669,NOTED TECHNOLOGY SOLUTIONS INC
1670,"CALIFORNIA OFFICE FURNITURE, INC."
1671,City  of La Verne-City Hall
1672,Brooks Company
1673,Goodyear Auto Service Center
1674,"EAST BAY TIRE, INC."
1675,City of Petaluma Fire Department
1676,DAN PALMER TRUCKING
1677,Harris Industrial Gases
1678,Prison Industry Authority
1679,LACO ASSOCIATES
1680,"Disabled Veteran Enterprises, Inc."
1681,TRAUT LINE INDUSTRIAL
1682,AgreeYa Solutions
1683,FX Signs Inc.
1684,BYRON LING dba BRIDGE MICRO
1685,Lakesha Johnson
1686,The Nature Conservancy
1687,"ALICAT SCIENTIFIC, INC."
1688,"Laurie Piestrup, R.D."
1689,Pacific Copier & Computer
1690,Beachside Surgical supplies Inc.
1691,Department of Health Care Services
1692,San Francisco Marriott Marquis
1693,County of Kern
1694,M Corp
1695,City of Corona
1696,Elevators Etc.
1697,Mt. Lassen Trout Farm. Inc.
1698,"Velarde Concrete Construction, Inc."
1699,J & M Equipment
1700,PITMAN CO
1701,DIVERSE PEST MANAGEMENT INC
1702,pearblossom hardware
1703,"Interior Designs by Ricci, Inc."
1704,Fresh and Ready/LEHMAN FOODS INC
1705,SUPPLY NETWORK
1706,"Trinity Highway Products, LLC"
1707,Michael Mullard
1708,FLUID TECH HYDRAULICS INC
1709,PARADISE GARDENING
1710,VERIZON
1711,American Pest Control
1712,All Clean Complete Janitorial Services
1713,PCG Equipment
1714,"Gates Resale, Inc."
1715,us national corp dba jimenez painting company
1716,"BRCO Constructors, Inc."
1717,"Citrix Systems, Inc."
1718,"Upsky International LTD, dba Crowne Plaza San Francisco Airport - Burlingame"
1719,El Dorado County Department of Human Services
1720,DecisionOne
1721,"Community Services & Employment Training, Inc."
1722,"International Business Information Technologies, Inc. dba LEFTA Systems"
1723,Thomason Mechanical & Design Inc
1724,JESUS H ZEPEDA
1725,Conferencing Advisors Inc
1726,Scripps Mercy Hospital Chula Vista
1727,"Priority Mailing Systems, LLC"
1728,KNN Public Finance
1729,Greater Stockton Chamber of Commerce
1730,COAST ELECTRONICS
1731,"Pitney Bowes, Inc"
1732,"WEST COAST WILDLANDS,INC"
1733,COUNTY OF SAN JOAQUIN
1734,B & H Photo Video
1735,"Ameritech Industries, Inc."
1736,Lake County Office of Education
1737,RKU Distributing
1738,"Gsgc, Inc"
1739,Statewide Traffic Safety & Signs Inc
1740,Henry Schein Inc
1741,APEX
1742,"Action Rubber Stamps, Inc."
1743,University Corporation at Monterey Bay
1744,Walker's Office Supplies
1745,"TLG Paving Company, Inc."
1746,State Compensation Insurance Fund
1747,Graham Prewett Inc.
1748,"Training, Employment and Community Help, Inc. (TEACH, Inc.)"
1749,ONE STOP OFFICE PRODUCTS INC
1750,GEORGE OREN TIRE SPECIALIST
1751,Twin Rivers Unified School District
1752,WIRELESS TECHNOLOGY INC
1753,INTERGALACTIC PLACEMENTS
1754,Parsons Land Clearing
1755,"Total Access Group, Inc."
1756,JOHN'S AUTOMOTIVE CARE
1757,Quest Diagnostics
1758,"Distec Supply Co., Inc."
1759,WMK Sacramento LLC (Doubletree by Hilton Sacramento)
1760,PROCHEM SPECIALTY PRODUCTS INC
1761,Best Buy Corporation
1762,SCS Engineers
1763,CALIFORNIA HIGHWAY PRODUCTS
1764,"Pace Learning Systems, INC."
1765,Lewallen's
1766,City of Solana Beach
1767,Elevator Industries Inc.
1768,Apple Inc.
1769,AED Superstore
1770,Gregory Hadinoto
1771,"Class Act Alliance, Inc"
1772,"River City Building Supply, Inc."
1773,COUNTY OF TEHAMA
1774,County of Tuolumne
1775,Stanislaus County Office of Education
1776,New Horizons Computer Learning Center
1777,Hayes Brothers Auto Glass
1778,"Central Valley Motor Parts,inc"
1779,CIRESON
1780,"Imperial Die Cutting, Inc."
1781,Esquire Deposition Solutions Llc
1782,"GotUWired, Inc."
1783,JAMS
1784,Alexa Libby
1785,Cooper Oates Air Conditioning
1786,NASAA
1787,Met One Instruments Inc.
1788,Sportsmans Warehouse
1789,Lift the Children/Safe Kids California
1790,Peterson Chase General Engineering and Construction Inc
1791,VMI Broadcast and Professional Video
1792,Burkett's Office Supplies
1793,"Garcia Asset Management, Inc. dba Empire Building & Environmental Services"
1794,Egan Excavating
1795,NCS Pearson Inc
1796,Society for the Conservation of Bighorn sheep
1797,Nick's Custom Golf Cars
1798,Schoettler Tire
1799,Burns Pharmacy
1800,BAY AREA GOLF & INDUSTRIAL VEHICLES
1801,Surveymonkey.com
1802,McKesson Corporation
1803,KABOOM! Instant Rodent Control
1804,"Mainline Information Systems, Inc."
1805,TEHAMA TRANSPORT
1806,"Statestore, Inc"
1807,"West Publishing Corporation dba Elite, a Thomson Reuters business"
1808,Intents Emergency Response
1809,Yamaha Golf Cars of CA
1810,"LA Translation and Interpretation, Inc"
1811,Fluid Power Technologies
1812,Bio-Oregon
1813,ArjoHuntleigh
1814,National Office Solutions
1815,Dell Inc.
1816,San Lorenzo Valley Raingutters
1817,County of Contra Costa
1818,TECHNICAL FABRICATION
1819,National Council on Crime and Delinquency
1820,Maria Martinez
1821,City of San Diego
1822,Aspect
1823,"GOLDEN STATE LUMBER, INC"
1824,best source distributing
1825,Marlene Her
1826,JP'S Collision Center
1827,Christian Bartels Enterprises Inc. dba CB Enterprises
1828,Aviall Inc
1829,NWN CORPORTATION (FORMERLY WESTERN BLUE)
1830,alliance distributing
1831,Perkin Elmer Life Sciences
1832,Version3 Inc.
1833,"Shasta County Peace Officer Association, Inc."
1834,"Jagan N. Bansal, M.D., Inc."
1835,Mary Pacheco
1836,Comtronix Communications
1837,Majko Inc. dba Big Brand Tire and Service
1838,"Dalke & Sons Construction, Inc."
1839,beyondtrust software
1840,VERIZON WIRELESS
1841,E SANTA ANA &  SONS PTG
1842,"Horizon Safety Distributing, LLC"
1843,OFFICE PRO
1844,"Alpha Wholesale Produce, Inc."
1845,"LIVINGSTON'S CONCRETE SERVICE, INC."
1846,MMC Trucking
1847,PayPal Inc
1848,pacific mechanical
1849,Gambling Compliance
1850,"Mission Analytics Group, Inc."
1851,Metro-Chem Industries Inc.
1852,Office of Administrative Hearings
1853,Step Up on Second Inc.
1854,STANCIL CORPORATION
1855,"Alexandra Investments, Inc. dba Angelos Towing & Recovery"
1856,BAKERSFIELD PAINT AND WALLPAPER INC
1857,CENTRAL VALLEY ENGINEERING & ASPHALT INC
1858,"Clean Harbors Environmental Services, Inc."
1859,OFFICE SUPPLIES CO
1860,Accuvant Inc.
1861,"Agathos Laboratories, Inc."
1862,Clements Family Market
1863,Turf & Industrial Equipment Company
1864,ACCUVANT INC
1865,County of Butte
1866,INTERIORS INCORPORATED
1867,Happy Valley Fire Protection District
1868,Value Business Products
1869,"Morgan Tire of Sacramento, Inc."
1870,MSC Industrial Supply Co
1871,"Smile Business Products, Inc"
1872,Premier Security Inc
1873,Advanced Auto & Smog
1874,Voyager Fleet Systems Inc
1875,Office of Environmental Health Hazard Assessment
1876,"Liberty Composting, Inc."
1877,york industries
1878,F. Rodgers Corporation
1879,JOHNNYS TREE SERVICE
1880,ANGUS-HAMER INC
1881,IMTECH COMMUNICATIONS
1882,The Royal Janitorial Service
1883,"United Rentals (North America), Inc."
1884,BURGESS & SONS EXCAVATING
1885,MENDOZA INTERIORS AND SUPPLY
1886,Donna Clark
1887,Sacramento Computer Power
1888,"Folsom Lake Asphalt, Inc."
1889,casalett & co
1890,"Bay Area Surgical Specialists, Inc."
1891,IMPERIAL VALLEY PAINT CENTER
1892,Toyota Material Handling Northern California
1893,"B & B Collision Repair, Inc."
1894,V & F SUPPLIES
1895,Michele Allen Construction and Tree Service
1896,All Business Machines
1897,ACURA SYSTEMS INTERNATIONAL
1898,"Oliver Worldclass Labs, Inc"
1899,Perfection Cleaning
1900,"J.C. Chang & Associates, Inc."
1901,"Shield Advantage Solutions, LTD"
1902,RIVERVIEW INTERNATIONAL TRUCKS INC
1903,"The Regents of the University of California, UC David"
1904,FinishLine-Print Specialists
1905,"The Aeon Group, Inc."
1906,"Quality Lift & Equipment, Inc."
1907,REFRIGERATION SUPPLIES DISTRIBUTOR (RSD)
1908,"Natures Image, Inc."
1909,Comcast Cable
1910,DSA Technologies
1911,Burgess and Sons Excavating
1912,SENTRY SECURITY FASTENERS INC
1913,"SymSoft Solutions, LLC"
1914,Sysco Food Service
1915,BEST BUY GOV LLC
1916,"Foster & Son Trucking, Inc."
1917,Emissions Retrofit Group
1918,Ink Spot
1919,WATER-WAYS IRRIGATION ENGINEERS INC
1920,executive communications systems
1921,SUPREMEWHOLESALEELECTRICINC
1922,Big River Rock
1923,PRO PACIFIC FRESH
1924,Biotron Engineering Co.
1925,All State Police Equipment
1926,"AAA ELECTRICAL SUPPLY, INC."
1927,ULINE
1928,REZEK EQUIPMENT
1929,ROESLING NAKAMURA TERADA ARCHITECTS INC
1930,United States Department of Commerce - National Technical Information Service
1931,THOMPSON PLUMBING SUPPLY
1932,CROSS PETROLEUM
1933,Melanie Cain
1934,Multi-Health Systems (MHS
1935,ABEL EMERGENCY SUPPORT
1936,"JoeD, Inc"
1937,Great American Movers
1938,California Department of Public Health
1939,Apple Computer Inc
1940,RCAC Conference Planning
1941,Humberto Jaime
1942,"State Supply Co., Inc."
1943,"HSB Solutions, Inc"
1944,Lea Knopf
1945,ASSI Security
1946,UNION LUMBER COMPANY
1947,ABILITY CENTER
1948,Commercial Environment Landscape
1949,MONET CONSTRUCTION INC
1950,LexisNexis Matthew Bender
1951,MUZEEK WORLD INT'L INC.
1952,Susan E. Borows
1953,"KP Cal, LLC"
1954,Highland Wholesale Foods Inc
1955,MMG Technology Group Inc
1956,EEL RIVER FUELS INC
1957,California Secretary of State
1958,NASCO MODESTO
1959,J. Barry Schiavo
1960,HENRY SCHEIN
1961,Ordway Corporation dba Print & Finishing Solutions
1962,"Hoffman Technologies, Inc."
1963,American Textile & Supply
1964,Motorola
1965,CALIFORNIA SURVEYING & DRAFTING
1966,ALLEN INSTRUMENTS & SUPPLIES
1967,CALIFORNIA INTERACTIVE TECHNOLOGIES INC
1968,Mission Linen Supply
1969,Schubert Landscaping
1970,"CLYDE G. STEAGALL, INC."
1971,Jill J Ward
1972,Edgar E Moore
1973,Professional Biological Co.
1974,PINCUS COMMUNICATIONS INC
1975,Phoenix Uniforms
1976,REXEL ESD
1977,CARQUEST AUTO PARTS
1978,INTERSTATE PLASTICS INC
1979,Fresno County Economic Opportunities Commission
1980,QUADSTONE LIMITED
1981,"Soltek Pacific Construction Co., Inc."
1982,Frank T. Marchello
1983,E.L. PLUMBING AND ROOTER
1984,Anchor Supply
1985,BUENA TOOL CO
1986,"GEM INDUSTRIAL ELECTRIC, INC"
1987,"HI TECH EVS, INC"
1988,Winner Chevrolet
1989,"LCS Technologies, Inc."
1990,SUCCOR INTERNATIONAL
1991,"IHS Global Insight, Inc"
1992,"Nelson & Sons, Inc"
1993,Green Technology
1994,city of los angeles fire dept.
1995,Scofield Catering & Management
1996,UNIVAR USA
1997,Turlock Unified School District
1998,Robb-A-Cart
1999,"Inter-Con Security Systems, Inc."
2000,"Office Automation Group, Inc. dba OAGI SUNTEL CO"
2001,ESSENTIAL MEDICAL GROUP
2002,"Rusco, Inc."
2003,THE WOOD WORKS
2004,Department of Fish and Game
2005,"Source California Energy Services, Inc."
2006,Fisher Scientific LLC
2007,California Department of Social Services
2008,Environmental Science Associates (ESA)
2009,Multi-Provider
2010,California Water Fowl Association
2011,JOHN XXIII AIDS MINISTRY
2012,CALTROP CORPORATION
2013,Western Emulsion Inc
2014,BGI INSTRUMENTS
2015,Main Street Technologies
2016,San Bernardino Paint
2017,COASTAL HELICOPTERS
2018,"Spiess Construction Company, Inc"
2019,"Tuff Shed, Inc."
2020,ENPLAN
2021,Coronado Unified School District
2022,"Pine Environmental Services, Inc."
2023,Center for Independent Living
2024,Silver Spur Christian Camp
2025,T.R.L. SYSTEMS INC
2026,The Aby Manufacturing Group Inc
2027,Rumex Construction Corporation
2028,Power Machinery Center
2029,americanstar tours
2030,RURAL HUMAN SERVICES INC
2031,Fireline Support Services Inc
2032,MITRATECH HOLDINGS INC
2033,"CBCINNOVIS, INC."
2034,McIntosh Construction
2035,Cesar Brijandez
2036,melinda ancrum
2037,CloverLeaf Solutions
2038,Bonanza Produce
2039,"The Supply Station, Inc."
2040,Guardian Safety and Supply LLC
2041,Cisco Systems Inc.
2042,"Broadstone Little Italy, LLC"
2043,ORRICK HERRINGTON & SUTCLIFFE
2044,McGinty Sales Company
2045,HSU SPONSORED PROGRAMS FOUNDATION
2046,"ScreeningOne, Inc."
2047,"American Commodities, AWOB"
2048,barbara mair
2049,ASD Healthcare
2050,Eurofins MWG Operon
2051,IBM CORPORATION
2052,MAIN STREET MATERIALS INC
2053,"Level 4 Ventures, Inc."
2054,Sierra-Sacramento Valley EMS Agency
2055,San Jose Boiler Works
2056,Compucom Systems Inc
2057,"Northgate Environmental Management, Inc."
2058,SimplexGrinnell Fresno
2059,"Coastwalk, Inc."
2060,Department Food and Agriculture
2061,Pacific Material Handling Solutions
2062,Ember Toth
2063,Delta Fire Protection District
2064,"immixTechnology, Inc."
2065,"Interpreting and Consulting Services, Inc."
2066,"Inyo Mono Advocates for Community Action, Inc."
2067,Sheri Akins
2068,CED Lancaster
2069,"e Poly Star, Inc"
2070,GREEN VALLEY RANCHES
2071,Andreini Brothers Inc
2072,Department of Finance
2073,"ISIS Papyrus America, Inc."
2074,Alameda Alliance for Health
2075,State Center Community College District
2076,Tetra Tech EM Inc
2077,LACO Associates
2078,FRESH FOODS OF CALIFORNIA
2079,CUMMINS CAL PACIFIC INC
2080,Dootson School of Trucking
2081,KOVARUS TECHNOLOGY SOLUTIONS
2082,Keystone Uniform Depot
2083,Computer Masters Inc
2084,Bentley Government
2085,SOULFUL PALISADE LLC
2086,yosemite falls pump service
2087,J. T. MAGIC ENTERPRISES
2088,Tidewater Contractors Inc
2089,LC Action Police Supply
2090,Home Depot Store
2091,Patterson Dental
2092,BLAISDELL'S BUSINESS PRODUCTS
2093,Inetsoft Technology Corp
2094,CARDINAL HEALTH
2095,Zytech Solutions Inc
2096,"Diamondback Fire & Rescue, Inc."
2097,Tempo Software
2098,NBC Supply Corp
2099,Training Innovations. Inc.
2100,JOHN DEERE COMPANY
2101,Toms Equipment Rental
2102,Team West Contracting Corp
2103,Comira
2104,abc service
2105,csi paint
2106,Rand McNally
2107,WHISPERING PINES SANDWICH COMPANY INC
2108,Ennis Traffic Safety Solutions
2109,BAKEMARK
2110,Napa Emergency Women's Services
2111,LES SCHWAB TIRE CENTERS OF CALIFORNIA
2112,"ALL INDUSTRIAL ELECTRIC SUPPLY, INC"
2113,Bob Barker Company
2114,INTERSECT USA
2115,California Highway Patrol
2116,JEM College
2117,Department of Justice
2118,TOZIERS FIRE SUPPORT LLC
2119,Workplace Answers LLC
2120,Anderson & Doig Structural Engineers
2121,Meaden Precision
2122,Carlton Christmas Trees LLC
2123,Computer Assoc. Inc.
2124,"ESSENTIALMED, INC. DBA MAGUR MEDICAL"
2125,Prevention Institute
2126,Professional Police Supply dba Adamson Police Products
2127,Jennifer Foss
2128,WESTSIDE TIRE CO
2129,PATRIOT IT CORPORATION
2130,Professor Elizabeth F. Loftus
2131,CALIFORNIA CUSTOM DOCKS CORP
2132,MID COAST MOWER & SAW INC
2133,GARVEY EQUIPMENT COMPANY
2134,Dadco Construction
2135,American College of Healthcare
2136,Rachel Ann Martinez
2137,ABEJANITORIAL SUPPLY
2138,"TriState Laminating a Division of GL Veneer Co., Inc."
2139,IVCi
2140,Shasta County Department of Agriculture
2141,"Redding Air Service, Inc."
2142,"Mail Right, Inc"
2143,PROMOCO
2144,Northeastern Rural Health Clinics
2145,Yuriko Lopez
2146,"First Data Government Soloutions, LP"
2147,DiscoverIT Solutions Inc
2148,"CCL Engineering, Inc."
2149,"Firequick Products, Inc."
2150,CALTRONICS BUSINESS SYSTEMS
2151,"Office Relief, Inc."
2152,Janice Harmon
2153,REDWOOD GENERAL TIRE SERVICE CO INC
2154,Wolters Kluwer Health/Lippincott Williams & Wilkins
2155,Industrial Electric Service
2156,California Department of Water Resources
2157,Seacat Enterprises
2158,Safety and Ecology Corporation
2159,Health Projects Center
2160,Fitzpatrick Dental Equipment Company Inc.
2161,California Association of Environmental Health
2162,MITCHELL 1
2163,West Publishing Corporation a Thomson Reuters Business
2164,Electric Shaver Centers
2165,Norman S. Wright Mechanical Equipment Corporatoin
2166,City of Costa Mesa
2167,AA ACME LOCK SMITH INC DBA ACME SECURITY SYSTEMS
2168,"PEARSON EDUCATION, INC/Allyn-Bacon Inc"
2169,Lexipol LLC
2170,"Micro Precision Calibration, Inc."
2171,UCLA Extension
2172,PRESENTATION PRODUCTS INC
2173,Air Control Systems
2174,"Crywolf, Inc."
2175,Kelli Norden and Associates
2176,Hubert Company
2177,"Vacaville Trailer Sales, Inc."
2178,"Robert H. Meisel, OD"
2179,County of Calaveras
2180,TRIVAD INC
2181,Ron DuPratt Ford
2182,Golden State Provisions INC.
2183,"Regents of the University of California, Berkeley"
2184,SHARPER FUTURE
2185,GL BILLINGS
2186,Cottonwood Fire Protection District
2187,Southside Art Center
2188,PROCESS EFFICIENCY PRODUCTS INC
2189,"Physicians Immunodiagnostic Laboratory, Inc"
2190,BAY CITY ELECTRIC WORKS INC
2191,Ricoh Americas Corporation
2192,Global Blue DVBE
2193,BarScan
2194,City of Covina
2195,Foster Lumber Yards Inc.
2196,MOJAVE EQUIPMENT COMPANY INC
2197,US Foodservice
2198,Saunders Automatic
2199,"Tri-Signal Integration, Inc."
2200,Ligia Marina Cerqueira
2201,SCOTT'S PPE RCON. INC
2202,Zacks Handyman & Construction
2203,WILLIAMS SCOTSMAN INC
2204,Buck Carothers
2205,Barbara Egan
2206,"Hunt & Sons, Inc"
2207,LINENMATE INC
2208,Request Materials and Supply Inc
2209,LEBECKS BUSINESS EQUIPMENT CORP
2210,CRANMER ENGINEERING INC
2211,GORILLA STATIONERS LLC
2212,Millennia Technologies Inc.
2213,"Harcourt Assessment, INC."
2214,"Sacramento Valley Lockworks, Inc"
2215,CITY OF PASADENA
2216,Whittier Electronics Co
2217,Patrick Carraher
2218,AT&T Corp.
2219,Center for Collaborative Policy
2220,Right Choice A Health Care Service Company Inc.
2221,Skillsoft Corporation
2222,HORIBA Automotive Test Systems
2223,"WATER RITE PRODUCTS, INC"
2224,"Nature America, Inc."
2225,University of Southern California/WIES
2226,"Cecilia's Safety Service, Inc."
2227,HealthRIGHT 360
2228,US Department of Agriculture
2229,"Food Service Partners of Calif, LLC"
2230,United States Postal Service
2231,CAPITOL PRODUCTS
2232,Sludgebusters Septic Service
2233,All Things Medical and Dental
2234,FAMILY PLANNING INC OF SHASTA COUNTY
2235,BARNES TRACTOR @ EQUIPMENT CO. DBA FERNBRIDGE TRACTOR @ EQUIPMENT. CO
2236,amacker construction
2237,TFS MARKETING
2238,5 Cities Supply Co.
2239,Templeton Surgery Center LLC
2240,"North Tree Enterprises, Inc"
2241,PROJECTUS INC
2242,Allan Hancock Joint Community College District
2243,HB FULLER
2244,"Petrochem Manufacturing, Inc."
2245,Document Storage Corporation
2246,Technofix Office Products
2247,Mina Jung
2248,Rosalia Mendoza
2249,CDW G
2250,West Publishing Corporation DBA West Government Services
2251,Lake Natoma Inn
2252,"PSC Environmental Services of Pomona, LP"
2253,Woida Ent. dba Arrow Fencing
2254,Social Security Adminstration
2255,ER Block Plumbing
2256,Community Action of Ventura County
2257,"Rangen, Inc."
2258,Pathology Associates
2259,"CTB/MCGRAW -HILL, LLC"
2260,Alameda County Sheriff Office Regional Training Center
2261,Seals/Biehle Inc.
2262,TORRENCES FARM IMPLEMENTS
2263,Collier Hardware
2264,Jenny Service Company
2265,Pacific Coast Trade School
2266,Kit Chang
2267,CITY ELECTRIC
2268,PYRAMID TECHNICAL CONSULTANTS INC
2269,Mckesson
2270,County of Sacramento
2271,"Univeral Mercantile Exchange, Inc."
2272,MTS Medication Technologies
2273,COUNTY OF MONTEREY
2274,Five Star Legal
2275,"Instron, a division of ITW, Inc."
2276,Department of Technology Services
2277,JACK VOGNSEN
2278,Outreach Suppliers
2279,"Hibser Yamauchi Architects, Inc."
2280,"American Lady Vets Services, Inc"
2281,Law Office of Stephen J Densmore
2282,Iron Mountain Information Managemnet
2283,Bank of the West
2284,Atkins
2285,DME ELECTRICAL & FIRE PROTECTION
2286,Pacific Coast Technologies
2287,ANTHEM BUILDERS INC.
2288,Bauer Compressors
2289,"RSSE, Inc"
2290,"CSC Corporate Domains, Inc."
2291,Abigael Shibeka
2292,Muller Martini
2293,MyBinding.com
2294,Mills College
2295,Huntington Hardware Co Inc
2296,A&B Mechanical Inc
2297,Western Pacific Med-Corp
2298,Evolve Technology Group
2299,Aiken Welch Court Reporters
2300,Modern Building Systems Inc
2301,Deco-Pave Inc
2302,"CLIFF'S PEST CONTROL,INC"
2303,PC Specialist Inc dba TIG (Technology Integration Group)
2304,BALTAZAR CONSTRUCTION INC
2305,"Guardsmark, LLC"
2306,New Direction Services
2307,"Commline, Inc."
2308,Sharp Business Systems
2309,Rite Aid Corp DBA Rite Aid Pharmacy
2310,Sierra Chemical Company
2311,Operation Care
2312,JenniferStanger
2313,Jellet Rapid Testing LTD.
2314,"DVBE Low Voltage Systems, Inc."
2315,Phoi Trinh
2316,SUNNYSIDE AUTO REPAIR INC.
2317,CPC Inc.
2318,"Cell Energy, Inc."
2319,M. A. Steiner Construction
2320,Robertson's Ready Mix
2321,xpedx
2322,"Golder Associates, Inc"
2323,MOONBLINK COMMUNICATIONS
2324,Financial Asset Management Systems
2325,Direct Supply
2326,MAITA TOYOTA
2327,"Tillman Construction, Inc."
2328,Qbics Career College
2329,ISYS SEARCH SOFTWARE INC
2330,"Cart-Away Concrete Systems, Inc."
2331,COUNTY OF HUMBOLDT
2332,Fortuna Enterprises L.P. dba Hilton Los Angeles Airport
2333,"Creative Bus Sales, Inc."
2334,VWR International LLC
2335,Go-Getters
2336,Trinity County RCD
2337,Recology Grover Environmental Products
2338,Sacramento - San Joaquin Delta Conservancy
2339,Delta Wireless
2340,"L & B Environmental, Inc."
2341,First Response Air conditioning & Heating
2342,EMC
2343,C.L. Smith Company
2344,Sandy's Communications
2345,US Veterans Administration-Veterans Canteen Service
2346,"Valley Shipping Supply, Inc."
2347,Lake County Waste Solutions
2348,Nuance Communications Inc
2349,COAST CITRUS DISTRIBUTORS
2350,Cummins West
2351,GRANITE DATA SOLUTIONS
2352,"SIERRA AGGREGATE COMPANY, INC."
2353,MC2 Systems
2354,San Francisco Unified School District
2355,San Francisco Health Authority dba: San Francisco Health Plan
2356,Pearson Education
2357,Wolters Kluwer Financial Services
2358,Hanaa Escatel
2359,Optum
2360,Pressman's Pride
2361,REMOTE SATELLITE SYSTEMS INTERNATIONAL
2362,Best Buy
2363,"Medela, Inc."
2364,Hi-Line Electric Co.
2365,Sika Sarnafil
2366,Consolidated Services Inc.
2367,Industrial Specialty Products
2368,Midway Truck Repair
2369,Amp Power Company
2370,"Precision Garage Doors & Gates, Inc."
2371,Bradmark Technologies Inc
2372,Duthie Power Services
2373,Shasta Fire Department
2374,UNITED STATES POSTAL SERVICE-2
2375,"Kar Wing Trading Co., Inc."
2376,Covidien/Kendall
2377,"PTV AMERICA, INC."
2378,"Noted Technology Solutions, Inc."
2379,Rick Rice Logging
2380,Precision Fiber Products
2381,SFM Constructors
2382,MET ONE INSTRUMENTS
2383,Schuyler House Inc.
2384,"SILVERADO AVIONICS, INC"
2385,"Griffin Electric, Inc."
2386,"Hooven & Co, Inc."
2387,D&A COATINGS & RESTORATION INC
2388,"R & H WHOLESALE SUPPLY, INC."
2389,Pride Companies
2390,Access Technology Solutions
2391,ADVANCED TELEMETRY SYSTEMS
2392,Unknown
2393,Associated Flow Controls Inc
2394,FFF Enterprises
2395,Atherton Printing and Office Solutions
2396,SHI INTERNATIONAL CORP
2397,Churchfield Trading Co
2398,MSC INDUSTRIAL SUPPL
2399,SLM Contract Furniture
2400,systems y2k
2401,Capital Data Corp
2402,Meeks Lumber & Hardware
2403,Rose Jones
2404,Quali Serv Janitorial
2405,ELITE SUPPLY SOURCE INC
2406,"Hoobe Identification Solutions, Inc."
2407,"ICC Equipment Rentals, LLC"
2408,Straight-Line Solutions
2409,Folsom Lake Ford
2410,Santa Clarita Community College District
2411,LCI
2412,WALTS AUTO PARTS
2413,Ginger McGuire
2414,HEWLETT PACKARD
2415,Carmelo Isales
2416,TOMS HOUSE OF HYDRAULICS INC
2417,"Eaton Interpreting Services, Inc."
2418,JPF MECHANICAL
2419,"S&H Construction, Inc"
2420,RD Construction General Engineering Inc.
2421,PATS INTERIOR PLANT CARE
2422,Wave Technology Solutions Group
2423,Sysco Foods of Ventura Inc
2424,Elk Grove Auto Group
2425,Sierra Safety Co
2426,DV1 TECHNOLOGIES
2427,Maria Regla-Cuevas
2428,Santa Ana Watershed Project Authority
2429,"The Compass Group Affordable Housing, LLC"
2430,"Sig Sauer, Inc"
2431,"McDonald, Carano, Wilson LLP"
2432,SWIFT JEEP CHRYSLER PLYMOUTH DODGE
2433,STEVEN FENNIMORE
2434,U.S. Food Service
2435,Informatica Corp
2436,Alameda County Public Works Agency
2437,Blue Angel Agility LLC
2438,CALIFORNIA CUSTOM DESIGN INC
2439,"Team Legal, Inc."
2440,Foray Technologies
2441,AUTOMED TECHNOLOGIES INC
2442,"Radial Tire Center, Inc."
2443,Nancy Hines
2444,Pinnacle Petroleum
2445,R&K MEDICAL INC
2446,TIMBERLINE HEATING AND AIR CONDITIONING INC
2447,"Lee Thomas Snook, M.D."
2448,McKesson Medical-Surgical Inc.
2449,Santa Ynez Valley People Helping People
2450,Cascade Fire Equipment Company
2451,DAILY JOURNAL CORPORATION
2452,Florance Distributing Company Inc
2453,Pac-Van Inc
2454,USDA Forest Service
2455,Aramark Uniform Services
2456,Department of Rehabilitation
2457,Coalinga Motors Inc
2458,"National Fire Systems, Inc."
2459,MODULAR COMMUNICATIONS SYSTEMS
2460,EXITCERTIFIED CORP
2461,"Cambria Solutions, Inc."
2462,ERRG
2463,"AmbuServe, Inc."
2464,BROWN MAYFIELD INVESTMENTS CORP
2465,"K. Hannani, M.D., Inc."
2466,Electric Lighting Company
2467,STRYKER SALES CORPORATION
2468,Pereira Sales Company
2469,"L A Roofing Materials, Inc."
2470,LOS ANGELES POLICE DEPARTMENT
2471,Los Angeles County Beaches and Harbors Dept
2472,Airgas USA LLC
2473,Hays Equipment Sales
2474,foothill transcription company inc
2475,Earthgrains Baking company
2476,ALL GEN ELECTRIC SERVICE
2477,Future Data Systems
2478,"Ecotech Office Solutions, Inc."
2479,Plumas County Community Development Commissin
2480,DS Waters of America
2481,rogers helicopters inc
2482,BARRY ELECTRIC
2483,May Enterprises
2484,Docu-Trust
2485,Project Sister Family Services
2486,WESTERN BLUE CORP.
2487,City of South Lake Tahoe
2488,Purdue University
2489,Elvia Gomez
2490,"Applied Engineering and Geology, Inc."
2491,Matt Anchordoguy
2492,Alan's Water Truck
2493,JACK CHEUNG CONSTRUCTION
2494,"Sierra Cascade Aggregate & Asphalt Products, Inc"
2495,PJ Helicopters Inc.
2496,"AIR FILTER SUPPLY, INC."
2497,US Control Group Inc
2498,Securitas Security Services USA
2499,Oregon RFID LLC
2500,AMEC Environment & Infrastructure
2501,Croman Corp.
2502,MOHAWK USA
2503,Grainger Industrial Supply
2504,Patriot DVBE
2505,KWIK KLEEN JANITORIAL
2506,Greco's Embroidery and Silkscreen Inc.
2507,"Solutionz Conferencing, Inc."
2508,"Healthcare Staffing Professionals, Inc."
2509,COACHELLA VALLEY PACKAGING
2510,Fastenal Company
2511,"Pitney Bowes, Inc."
2512,County of Lassen
2513,UNITED REFRIGERATION INC
2514,"CoStar Realty Information, Inc."
2515,Sport Chalet Inc
2516,Napa Valley Hospice & Adult Day Services
2517,US Food Service
2518,"Pueblo Trading Co., Inc."
2519,RDD ENTERPRISES DBA AMERICAWEAR
2520,"Cogent Energy, an EnerNOC company"
2521,National Fire Protection Agency
2522,Traut Line Ind
2523,REGENTS UNIVERSITY OF CALIFORNIA SAN DIEGO
2524,Red Lion Hotel -Redding
2525,Department of General Services
2526,ALLIED SPECIALITY PRECISION INC
2527,"UNITED PARTY RENTS, INC"
2528,FDF/FACTORY DIRECT FASTENING
2529,City of Madera
2530,ANCHOR SUPPLY
2531,QUALITY CONTROL INSPECTION INC
2532,EF JOHNSON COMPANY
2533,En Pointe Technologies
2534,Duane Morris LLP
2535,Dell Marketing L.P.
2536,Anchor Supply Inc
2537,Law Office of Roger W. Simpson
2538,"Christopher North, Ph.D."
2539,BAKER DISTRIBUTING CO
2540,"Brownells, Inc."
2541,"Towne Communications, Inc. DBA Synectic Technologies"
2542,Ventura County Health Care Agency
2543,Park & Restroom Structures
2544,Factory Direct Distribution Corp
2545,City of Merced
2546,TECHNIC COMPUTER SERVICE CORP
2547,ROBERT BALCOM
2548,ALBRIGHT SEED COMPANY
2549,"Treible Stationers, Inc."
2550,JBASS & Associates
2551,Stericycle Inc.
2552,PROBLEM SOLVER INC
2553,"Champion Fire Systems, Inc."
2554,"Kelly Moore Paint Co., Inc."
2555,Premster Productions
2556,Folsom Chevrolet
2557,FRONTERA
2558,XPEDX
2559,Health Effects Institute
2560,"Unitis, Inc."
2561,NEOPOST USA
2562,"Farallon Geographics, Inc."
2563,CA DEPT OF CONSERVATION
2564,HEROLD &  MIELENZ INC.
2565,KAMAN INDUSTRIAL TECHNOLOGIES INC.
2566,"Tejaskumar Naik, M.D., A Medical Corporation"
2567,GMH ENGINEERING
2568,Fastenal
2569,Ventura County
2570,"Tiffanie Carter-Porterfield, R.D."
2571,"SENSORS, INC."
2572,BJ ENTERPRISES
2573,Air & Waste Management Association
2574,Cloverleaf Distribution Inc
2575,Central Coast Emergency Physicians
2576,Identrust
2577,Firehouse Medical
2578,Nor cal fire equipment
2579,Equifax Information Services LLC
2580,Snap-On Industrial
2581,Java Holdings Inc.
2582,Arjohuntleigh Inc.
2583,Lotus Consulting
2584,"A&M Uniforms, Inc."
2585,A P Engineering Corporation
2586,C.C.D.S. Inc dba Industrial Door Company
2587,North Coast Opportunities
2588,Michael Chavez
2589,"Haztech Systems, Inc."
2590,"Innovative Federal Operations Group, LLC"
2591,"Shepard Enterprises, Inc."
2592,COUNTY OF SUTTER
2593,M & M ASSOCIATES
2594,ECONOMY OFFICE SUPPLY COMPANY
2595,James R Hall
2596,CENTRAL AUTO PARTS II
2597,GREGORY EQUIPMENT INC
2598,BALDWIN CONTRACTING CO INC
2599,"Keeton Construction Company, Inc."
2600,ENCON Technologies
2601,"SUPREME ENTERPRISE,INC"
2602,"OVAC, Inc"
2603,Bugman Pest control
2604,Sacramento County Superintendent of Schools
2605,Angelica Plascensia
2606,RM INDUSTRIES
2607,County of Los Angeles
2608,FFF ENTERPRISES INC
2609,Wilson Electronic's Inc.
2610,FRONTRANGE SOLUTIONS USA INC
2611,california sleep Diagnostic Services
2612,Fire Etc.
2613,PerceptiveSoftware
2614,Target Excellence
2615,ACTIVE LIFE MEDICAL PRODUCTS INC
2616,SIGNS NOW #298
2617,W.T. Cox Subscriptions
2618,PAOLINELLI & ASSOCIATES INC
2619,MARKETWARE TECHNOLOGIES
2620,val security service
2621,Merritt communications inc
2622,"DEER CREEK RESOURCES, LLC"
2623,NEW HORIZONS
2624,PUBLIC HEALTH INSTITUTE
2625,JD SERVICES & CHIP IT RECYCLING
2626,"Aspen Helicopters, Inc"
2627,United States Environmental Protection Agency
2628,PACIFIC INDUSTRIAL
2629,Digital Dolphin Supplies
2630,CSV Sales Inc.
2631,Iowa State University
2632,Buddy's All Stars Inc
2633,Action Machine & Welding
2634,Countywide Mechanical Systems
2635,Moores Western Nursery
2636,Ferrellgas L.P.
2637,"WILD ELECTRIC, INC."
2638,PREECE/GOUDIE AND ASSOCIATES
2639,"University of Califoria, Santa Barbara"
2640,"TAGG Industries, Inc."
2641,Melo's Gas and Gear
2642,"The CSU,Chico Research Foundation"
2643,SUNRISE STATIONERS
2644,MIKE MATHIAS ELECTRIC
2645,NAIC
2646,Xpedx
2647,Long Beach Memorial Medical Center
2648,5x Technology LLC
2649,HANCOCK AUTOMOTIVE
2650,"Action Sanitary,Inc."
2651,CONTAINER PROVIDERS INC
2652,ITASCA CONSULTING GROUP INC
2653,"MCKENRY DRAPERY SERVICE, INC"
2654,BEN MEADOWS CO INC
2655,Hoeptner Perfected Products
2656,Lexisnexis
2657,Innertainment Delivery Systems
2658,Paradise Point Engine Boat Repair
2659,City of Redondo Beach
2660,Lowmarkup Inc
2661,Kenneth  p. Tway  MD
2662,"Northern Lights Energy, Inc."
2663,Galilee Enterprises
2664,"University of California, San Diego"
2665,Mr. Rooter Plumbing
2666,NORTHBRIDGE EMC
2667,Ace Uniforms
2668,Clipper Commodities Inc.
2669,ROUND VALLEY FIRE
2670,"cable techniques,inc"
2671,Landscape Solutions
2672,Perrault Bobcat Service Inc
2673,Arianna Caplan
2674,"Simple Distributors, LLC"
2675,Chickasaw Supply
2676,Todd Melnik
2677,Napa County Office of Education
2678,"Verge Technologies, Inc."
2679,WATERMAN INDUSTRIES INC
2680,Parkhouse Tire
2681,SAITECH INCORPORATION
2682,Micro Systemation
2683,Merritt Business Supplies
2684,General Supply Company
2685,Go De Novo
2686,STEWART ELECTRIC SUPPLY INC
2687,Western Wood Structures
2688,Association of Bay Area Governments
2689,Wymore Inc
2690,Screaming Squeegee
2691,NEC Corporation of America
2692,Aquatic Science Center
2693,PETER R COL OD
2694,Houghton Mifflin Harcourt Publishing Company
2695,Jaywil Software Development
2696,Earthgrains/Sara Lee
2697,NDS SOLUTIONS INC
2698,"Kleinfelder, West. Inc."
2699,Interwoven
2700,EMS
2701,SEC Auto Solutions
2702,Daniel's Tire Service
2703,Medline Industries Inc
2704,"Shri Sidhi Vinayaka Hotel, Inc."
2705,California Natural Resources Agency
2706,Quest Analytics LLC
2707,Warren Partridge Contracting
2708,BOBCAT CENTRAL INC
2709,"DICA Engineering, Design & Construction"
2710,Prudential Overall Supply
2711,Seafood Dimensions Intn'l Inc.
2712,TLIM CONSULTING LLC
2713,WILLIAMS TREE SERVICE
2714,Stanford Hospital and Clinics
2715,R & J Wholesale Co. Inc
2716,L A FOODS
2717,S & S Enterprises
2718,Minisoft Inc
2719,David Thompson DBA: Cambria Chevron
2720,Aramark Uniform & Career Apparel LLC
2721,"STRYKER + DUKE, LLC"
2722,AM Copiers
2723,Arnold & Porter LLP
2724,Alexan International
2725,"Associated Advertisers, Inc. dba Military Medical News"
2726,BuyVet
2727,Safe Glow Corporation
2728,MOSERS JANITORIAL
2729,"G&B Reforestation, Inc."
2730,Imperial Truss and Lumber Company
2731,Xerox Corporation
2732,"California State University, Northridge"
2733,Maxim Healthcare Services
2734,5TH STREET RESTAURANT & BAR SUPPLY
2735,Raul Ayala
2736,Legislative Counsel Bureau
2737,BATTERY BILL INC.
2738,SydneyPLUS International Library Systems Corp.
2739,ACEC CA
2740,Licon Inc
2741,The Spaulding Company
2742,Big R Manufacturing LLC
2743,Atlas Contractors Inc
2744,PREMIER IT SOLUTIONS INC
2745,Great Northern Corporation
2746,Consolidated Fire Protection District of Los Angeles County
2747,Echelon Distribution Llc
2748,Trezos & Company
2749,JAMS (Santa Monica)
2750,COP SHOP INSTALLATIONS
2751,W.ROSENAU MOTOR REWINDING
2752,PALANTIR TECHNOLOGY INC
2753,Panini Time
2754,Riverside County Fire Dept.
2755,Redway Volunteer Fire Dept
2756,"Republic Services, Inc."
2757,ALL-AMERICA MEDICAL PRODUCTS
2758,Alderpoint Volunteer Fire Dept
2759,Radian Solutions LLC
2760,AFRICANA
2761,"Global Environmental Products, Inc"
2762,COMPUCOM SYSTEMS INC
2763,Hanford Community Medical Center
2764,HOLIDAY INN EXPRESS
2765,April Onstott
2766,AVENAL LUMBER & HARDWARE
2767,STANDARD APPLIANCE & HVAC SUPPLY
2768,"Home Depot U.S.A., Inc."
2769,Central Restaurant Products
2770,Thomas Steven Tighe
2771,SHAFER CONSTRUCTION
2772,Axcelerate Networks
2773,Yamaha Golf Cars of California
2774,Thadeo Aceves
2775,Data Controls
2776,PAL General Engineering Inc
2777,Aztec Software
2778,Martin W. St Nicholas
2779,C A REDING COMPANY INC
2780,Placer County
2781,"EagleWeis, Inc., dba Eagle Security Systems"
2782,COUNTY OF NAPA
2783,HOME TEAM SCREEN PRINTING
2784,RESEARCH NETS INC
2785,neopost
2786,Ray I Juachon & Associates
2787,R.L. Klein & Associates
2788,Eastman Kodak
2789,ABC Office Systems
2790,Fresno-Kings-Madera Regional Health Authority
2791,INTEGRATED MAGNETOELECTRONICS
2792,Fontis Solutions
2793,"Avtec, Inc"
2794,"Warrigal Consulting, Incorporated"
2795,Valley Caregiver Resource Center
2796,"Mobile Mini, Inc."
2797,Soledad Pharmacy
2798,"Learfield Communications, INC. dba Hornets Sports Properties"
2799,Health Care Productivity. SALFORD SYSTEMS
2800,Regents of University of California/ CIEE
2801,ACCORD Mediation Services
2802,TCID INC
2803,"Mechanic Experts, Inc."
2804,MTM RECOGNITION
2805,"RAININ Instrument, LLC"
2806,Bowmans Catering
2807,Public Health Accreditation Board
2808,John McCammon
2809,"AMPAC Services, Inc."
2810,Riverside County
2811,SYSTEMS Y2K
2812,Abco Technology
2813,American Medical Service Co.
2814,Tania Valtierra
2815,U.S. Geological Survey
2816,Advanced Toolware LLC
2817,"David M. Goodwill, DDS, Inc."
2818,Learning for Life
2819,Taborda Solutions
2820,NIST
2821,Autozone
2822,"Ingenix, Inc"
2823,"Aluma Tower Company, Inc."
2824,Harper Motor
2825,"O.C. Vacuum, Inc."
2826,Pacific Lighting Mgmt Inc
2827,State of California Coastal Conservancy
2828,The Library Store Inc.
2829,Blue Violet Networks
2830,Yurok Tribe
2831,Clover Stornetta Farms Inc.
2832,Environics Inc.
2833,MCGINTY SALES CO
2834,Care Apparel
2835,CONTESSA STATE SUPPLY
2836,Association of State and Provincial Psychology Boards
2837,Apperson Print Resources
2838,Honeywell
2839,A Plus Business Systems inc
2840,Geo-Slope International
2841,California Association of Addiction Recovery Resources
2842,"Able Ribbon Technology, Inc."
2843,TPS Plumbing Supply
2844,Melina Pinto
2845,NWN Corporation
2846,ADVANCED A/C AND HEATING CONTRACTOR COMPANY
2847,Ridgeline Technology
2848,Weaverville Fire Protection District
2849,Thomson Reuters
2850,GEORGES AUTO DIESEL ELECTRIC
2851,DESIGN ANALYSIS ASSOCIATES INC
2852,Marlen Zamora
2853,Reynolds Industrial
2854,TTG Engineers
2855,SAFARI BOOKS ONLINE LLC
2856,Tower Works Inc dba Power Works
2857,KONE Inc
2858,Port of Redwood City
2859,Sysco Food Service of LA Inc
2860,"ALL VALLEY ENVIRONMENTAL, INC."
2861,BEACH & SON TOWING
2862,"Technisoil North America, LLC"
2863,OLPIN GROUP INC
2864,"Akin Gump Strauss Hauer & Feld, LLP"
2865,"Black Pine Sports, Llc"
2866,"CWL, Inc."
2867,Shasta County Child Abuse Prevention Coordinating Council
2868,"InaBind Systems, Inc."
2869,Fraser Communications
2870,HydroScientific West
2871,"Catalina Coupe, Inc. f/s/o Pat Benatat & Neil Giraldo"
2872,"Washoe Metal Fabricating, Inc."
2873,Scott Tanner Business Equipment
2874,Oakland Unified School District
2875,Safelite Fulfillment
2876,QUALITY HYDROSEEDING & RESTORATION
2877,"RISE Interpreting, Inc."
2878,Time Printing
2879,2-1-1 Orange County
2880,Pump Engineering Company
2881,PUMPING SOLUTIONS INC
2882,Sara Lee (Earthgrains)
2883,Verizon Business Services
2884,"Cruise Car, Inc."
2885,C. W. Construction
2886,Eaton Corporation
2887,The County of Los Angeles
2888,ROBERTS AND ASSOCIATES
2889,County of Santa Barbara
2890,AT&T Mobility
2891,Traut Line Industrial
2892,B & B PORTABLE TOILETS
2893,EXPERIS formerly COMSYS
2894,"Bay Cities Refuse Service, Inc."
2895,KCI USA Inc
2896,Yucaipa Towing Inc.
2897,GCS Supplies Inc
2898,"Telelanguage, Inc"
2899,LEHR AUTO ELECTRIC INC
2900,Cooperative Personnel Services
2901,OSHA Review Inc
2902,Pacific Coast Hearing Aid Service
2903,JOHN D R CLARK
2904,ONTRACK MEDICAL CORPORATION
2905,THE TIRE STORE
2906,Paul Aiello Sales
2907,"Novacoast, Inc."
2908,State Controller's Office
2909,BUROLLA R&D
2910,"IDN-West, Inc"
2911,"Harry Goldberg, PhD"
2912,Achievement House
2913,CDW Government
2914,"Process Control Dynamics, Inc."
2915,"Bay Medical Co., Inc"
2916,"Windsor Solutions, Inc."
2917,Potters Industries Inc
2918,CITY OF SACRAMENTO
2919,Apollo Information Systems Corp
2920,URS Corporation dba URS Corporation Americas
2921,CALIFORNIA MEDIA SOLUTIONS INC
2922,Freedom Medical
2923,"TEK Time Systems, Inc."
2924,Contra Costa Medical College
2925,Edwards Truck Center Inc.
2926,"Tricor America, Inc."
2927,THE PRIMARY SOURCE
2928,BAUBVILLE INC
2929,Herrmann Equipment Inc
2930,Golden State Overnight
2931,"Nutricopia, Inc."
2932,VIKING SHRED LLC
2933,"Logical Design, Inc"
2934,mid-valley pipe & steel inc. dba prw steel supply
2935,Proforce Law Enforcement
2936,Julie Sierra
2937,Espostos Fine Foods Inc.
2938,AREA 4 AGENCY ON AGING
2939,El Dorado County Emergency Medical Services Authority
2940,TSCTI
2941,Sysco
2942,TRI COUNTY MATTRESS CO
2943,"Enterprise Networking Solutions, Inc"
2944,Ventura County Sheriff's Department
2945,Santa Cruz County Sanitation District
2946,"MRS RESTAURANT SUPPLY, LLC"
2947,MAP PRODUCTIONS INC
2948,Glenn County Office of Education
2949,Harland Technology Services
2950,"Rapid Printers of Monterey, Inc."
2951,HUMMINGBIRD NETWORKS
2952,COMTRONIX COMMUNICATIONS INC
2953,Vigilent Corporation
2954,Richard Tom
2955,Croman Corporation
2956,Sun Badge Company
2957,HDR Architecture Inc.
2958,Apollo Printing & Graphics
2959,"ENVISO, INC"
2960,Halm Industries Co
2961,"SPIDELL PUBLISHING, INC."
2962,E AND C DEVELOPMENT LLC
2963,Vera Vasey
2964,VALLEY CITIES GONZALES FENCE INC
2965,Foundation for Junior Blind Davidson Program
2966,"Aplena, Inc."
2967,Morning Glory Incorporated
2968,Fidelity National Title
2969,"Managed Healthcare Unlimited, Inc."
2970,North Coast Medical
2971,Visa Petroleum Inc
2972,TUFF SHED INC
2973,All American Tent
2974,Big 5 Sporting Goods-Paso
2975,C & S INDUSTRIAL SUPPLY
2976,"Inland Lighting Supplies, Inc."
2977,International Restaurant Supply
2978,Quinn Company dba Quinn Truck Center
2979,"OLOFSON ENVIRONMENTAL, INC"
2980,Southland Construction Inc.
2981,CARSTENS HEALTH INDUSTRIES INC
2982,"Community Action Agency of Butte Co., Inc."
2983,MATSON ALARM CO INC
2984,New Horizons CLC
2985,Sav-On Fence Company
2986,Thompson West
2987,State Ready Mix Inc.
2988,Accurate Document Imaging
2989,Blue Lake Fire Department
2990,National Energy Assistance Directors' Association
2991,Penske
2992,Advanced Traffic Products
2993,"John Van Sickle, Environmental Statistics"
2994,T3 Toner LLC
2995,MILLER TRUCKING CORPORATION
2996,James Dell'Orto
2997,Mobile Sleeper Company
2998,Suburban Propane
2999,Falcon Fuels Inc
3000,McKesson
3001,Stay Safe Store
3002,LIGHT SPEED RESOURCES
3003,QUALITY CONTROL SERVICES
3004,Consolidated Disposal Service
3005,West Coast Captioning
3006,MAUKA ENTERPRISES
3007,New Horizons
3008,"California Rural Indian Health Board, Inc."
3009,Kroll Ontrack
3010,San Francisco Estuary Institute
3011,Vanir CM
3012,Diesel Emissions Service
3013,"Pro Tech Engineering, Corp."
3014,marilyn hall
3015,Pharmaceutical Systems
3016,"Cross Match Technologies, Inc"
3017,Jennifer Dill
3018,Postal Impressions
3019,Labor and Workforce Development Agency
3020,Cole Office Products
3021,California Narcotic Officers' Association
3022,SAN JOAQUIN DISTRIBUTORS
3023,MOST DEPENDABLE FOUNTAINS INC
3024,Riverside County EDA
3025,Evrex Corporation
3026,Valley Business Center
3027,RIVERSIDE MEDICAL SUPPLY
3028,RLM Provisions LLC
3029,"MELLO TRANSMISSION CO., INC."
3030,ACCESS ELECTRIC SUPPLY
3031,Harbor Building Services
3032,"FEDEX CORPORATE SERVICES, INC."
3033,Affordable Products
3034,Mueum Rails
3035,Patricia Kirkish
3036,Tsai Enterprise LLC
3037,RBF Consulting
3038,"JOHN LISEE PUMPS, INC."
3039,Candescent Softbase LLC
3040,LexisNexis
3041,ROBERT SKEELS & CO
3042,Southern California Fleet Services Inc.
3043,Biometrics4all
3044,"California State University, Fresno"
3045,Contour Sierra Aebi Terratrac LLC
3046,"Special Order Systems, Inc. (SOS)"
3047,City of Oceanside
3048,"Comtech Communications, Inc."
3049,Centinela Valley Union High School District
3050,City of Bakersfield
3051,BSB CINDER COMPANY
3052,"Marble Computer, Inc."
3053,"Frosty Ice, Inc."
3054,COMMUNIQUE INTERPRETING
3055,"SYSCO RIVERSIDE, INC."
3056,Alyssa Lloyd
3057,CSS Inc dba ELITE Universal Security
3058,Klein Equipment Services
3059,"Alcatel USA Marketing, Inc"
3060,Collaborative Testing Services
3061,"Actionable Intelligence Technologies, Inc."
3062,TAYLOR EXCAVATING
3063,"Hat Creek Construction & Materials, Inc"
3064,"Burton's Fire, Inc."
3065,"Kropp Holdings, Inc"
3066,"Dragon Knights, Inc."
3067,TonerImaging
3068,"Dura-Metrics, Inc"
3069,Dearborn Group Technology
3070,Lead Staffing Corporation
3071,Gene Conaway Print Management Consulting
3072,HUMMINGBIRD COMMUNICATIONS INC
3073,OSC COMPUTER TRAINING
3074,Intelli-Flex Inc
3075,"SafeGuard Health Plan, Inc."
3076,Sacramento Technology Group
3077,Inland Caregiver Resource Center
3078,Betty Mills Co Inc
3079,OFFICEXPRESS
3080,COZAD TRAILER SALES INC
3081,Interior Services
3082,MARY & SON MAINTENANCE SERVICE
